method,prompt_index,prompt_length_group,actual_words,prompt,selected_steps,selected_guidance_scale,complexity,complexity_score,source,elapsed_seconds,peak_vram_gb,image_path,is_first_prompt
fixed_10,1,10_words,10,red apple resting on wooden table under soft studio light,10,4.5,,,fixed_baseline,2.1667374999997264,6.979499816894531,outputs\day2_baseline_10steps\01_red_apple_resting_on_wooden_table_under_soft_studio_light.png,True
fixed_10,2,10_words,10,golden retriever sitting on grass beside a white garden ball,10,4.5,,,fixed_baseline,0.5438066000001527,6.979499816894531,outputs\day2_baseline_10steps\02_golden_retriever_sitting_on_grass_beside_a_white_garden_ball.png,False
fixed_10,3,10_words,10,blue sports car parked on empty road at bright noon,10,4.5,,,fixed_baseline,0.5285173999996005,6.979499816894531,outputs\day2_baseline_10steps\03_blue_sports_car_parked_on_empty_road_at_bright_noon.png,False
fixed_10,4,10_words,10,white ceramic mug steaming on kitchen counter near morning window,10,4.5,,,fixed_baseline,0.528576300000168,6.979499816894531,outputs\day2_baseline_10steps\04_white_ceramic_mug_steaming_on_kitchen_counter_near_morning_windo.png,False
fixed_10,5,10_words,10,sunflower standing in clear glass vase beside folded linen napkin,10,4.5,,,fixed_baseline,0.5361885000002076,6.979499816894531,outputs\day2_baseline_10steps\05_sunflower_standing_in_clear_glass_vase_beside_folded_linen_napki.png,False
fixed_10,6,10_words,10,black bicycle leaning against brick wall after summer rain quietly,10,4.5,,,fixed_baseline,0.5257667000000765,6.979499816894531,outputs\day2_baseline_10steps\06_black_bicycle_leaning_against_brick_wall_after_summer_rain_quiet.png,False
fixed_10,7,10_words,10,chocolate cake slice on porcelain plate with silver fork nearby,10,4.5,,,fixed_baseline,0.5195362999997997,6.979499816894531,outputs\day2_baseline_10steps\07_chocolate_cake_slice_on_porcelain_plate_with_silver_fork_nearby.png,False
fixed_10,8,10_words,10,green backpack hanging from classroom chair under fluorescent lights quietly,10,4.5,,,fixed_baseline,0.5196492999998554,6.979499816894531,outputs\day2_baseline_10steps\08_green_backpack_hanging_from_classroom_chair_under_fluorescent_li.png,False
fixed_10,9,10_words,10,white sailboat drifting across calm lake during golden sunset alone,10,4.5,,,fixed_baseline,0.5186662999999498,6.979499816894531,outputs\day2_baseline_10steps\09_white_sailboat_drifting_across_calm_lake_during_golden_sunset_al.png,False
fixed_10,10,10_words,10,red sneakers placed on concrete floor beside gym lockers neatly,10,4.5,,,fixed_baseline,0.5206960000000436,6.979499816894531,outputs\day2_baseline_10steps\10_red_sneakers_placed_on_concrete_floor_beside_gym_lockers_neatly.png,False
fixed_10,11,30_words,30,"A robot chef cooks pasta in a modern kitchen, steam rising from the pan, stainless tools hanging nearby, warm cinematic lighting, and a curious child watching from the doorway quietly.",10,4.5,,,fixed_baseline,0.5262044000000969,6.979499816894531,outputs\day2_baseline_10steps\11_a_robot_chef_cooks_pasta_in_a_modern_kitchen_steam_rising_from_t.png,False
fixed_10,12,30_words,30,"A cozy bedroom glows with warm sunset light through a large window, with folded blankets, potted plants, framed photos, and a small desk ready for reading beside tea and pencils.",10,4.5,,,fixed_baseline,0.5247573999999986,6.979499816894531,outputs\day2_baseline_10steps\12_a_cozy_bedroom_glows_with_warm_sunset_light_through_a_large_wind.png,False
fixed_10,13,30_words,30,"A futuristic train station has glass walls, hovering signs, morning sunlight, travelers waiting on silver benches, and a sleek maglev train arriving beside platform seven with soft blue interior lights.",10,4.5,,,fixed_baseline,0.5242259999999987,6.979499816894531,outputs\day2_baseline_10steps\13_a_futuristic_train_station_has_glass_walls_hovering_signs_mornin.png,False
fixed_10,14,30_words,30,"A young astronaut plants a flag on a colorful alien planet, while crystal rocks, purple grass, two moons, and a tiny rover fill the background under pale green evening clouds.",10,4.5,,,fixed_baseline,0.5304411000001892,6.979499816894531,outputs\day2_baseline_10steps\14_a_young_astronaut_plants_a_flag_on_a_colorful_alien_planet_while.png,False
fixed_10,15,30_words,30,"A vintage camera rests on a wooden desk surrounded by travel postcards, brass coins, a notebook, warm lamplight, and an open map of Europe beside a half packed canvas bag.",10,4.5,,,fixed_baseline,0.5218760000002476,6.979499816894531,outputs\day2_baseline_10steps\15_a_vintage_camera_rests_on_a_wooden_desk_surrounded_by_travel_pos.png,False
fixed_10,16,30_words,30,"A small cafe corner holds leafy plants, stacked books, a blue armchair, soft afternoon light, and a steaming cup of coffee beside a handwritten menu on the narrow wooden table.",10,4.5,,,fixed_baseline,0.5300200000001496,6.979499816894531,outputs\day2_baseline_10steps\16_a_small_cafe_corner_holds_leafy_plants_stacked_books_a_blue_armc.png,False
fixed_10,17,30_words,30,"A watercolor painting shows a mountain village beside a river, with stone bridges, red roofs, distant mist, pine trees, and tiny people walking home under a pale evening sky together.",10,4.5,,,fixed_baseline,0.530272800000148,6.979499816894531,outputs\day2_baseline_10steps\17_a_watercolor_painting_shows_a_mountain_village_beside_a_river_wi.png,False
fixed_10,18,30_words,30,"A fantasy library rises around a spiral staircase, with floating candles, glowing books, brass ladders, velvet chairs, and a cat sleeping beneath the desk near a blue magical globe quietly.",10,4.5,,,fixed_baseline,0.5229505000002064,6.979499816894531,outputs\day2_baseline_10steps\18_a_fantasy_library_rises_around_a_spiral_staircase_with_floating_.png,False
fixed_10,19,30_words,30,"A rainy city street reflects shop windows and traffic lights, while pedestrians carry umbrellas past bicycles, food stalls, neon signs, and puddles glowing orange under a dark cinematic evening sky.",10,4.5,,,fixed_baseline,0.5234350999999151,6.979499816894531,outputs\day2_baseline_10steps\19_a_rainy_city_street_reflects_shop_windows_and_traffic_lights_whi.png,False
fixed_10,20,30_words,30,"A wooden cabin sits in a snowy forest, smoke rising from the chimney, warm windows glowing, pine branches bending, and footprints crossing the yard toward a small frozen pond nearby.",10,4.5,,,fixed_baseline,0.5187805999999,6.979499816894531,outputs\day2_baseline_10steps\20_a_wooden_cabin_sits_in_a_snowy_forest_smoke_rising_from_the_chim.png,False
fixed_10,21,50_words,50,"A small robot holds a red umbrella beside a striped cat in front of a rainy bookstore, while the window sign says SANA, puddles reflect yellow lamps, two bicycles lean nearby, and a delivery drone hovers above the narrow street as shoppers wait under awnings during a gentle evening storm.",10,4.5,,,fixed_baseline,0.5254328999999416,6.979499816894531,outputs\day2_baseline_10steps\21_a_small_robot_holds_a_red_umbrella_beside_a_striped_cat_in_front.png,False
fixed_10,22,50_words,50,"A cyberpunk street market glows at midnight with crowded food stalls, neon kanji signs, rain reflections, masked shoppers, steam vents, hovering taxis, and a musician playing beside a noodle cart, while a child points at a holographic dragon above the wet plaza near a flickering red vending machine tonight outside.",10,4.5,,,fixed_baseline,0.524137200000041,6.979499816894531,outputs\day2_baseline_10steps\22_a_cyberpunk_street_market_glows_at_midnight_with_crowded_food_st.png,False
fixed_10,23,50_words,50,"A medieval wizard teaches three students inside a crowded library, with glowing books floating above an oak table, candles dripping wax, a raven watching from a shelf, maps pinned to stone walls, and a silver telescope aimed at moonlight through the tall arched window behind a stack of scrolls tonight.",10,4.5,,,fixed_baseline,0.5200182000003224,6.979499816894531,outputs\day2_baseline_10steps\23_a_medieval_wizard_teaches_three_students_inside_a_crowded_librar.png,False
fixed_10,24,50_words,50,"A busy spaceport spreads beneath an orange sky, where two astronauts repair a rover beside a cargo ship, engineers carry tools, fuel pipes cross the landing pad, warning lights blink, and tourists photograph distant planets from behind glass while security robots guide them toward a silver observation balcony above calmly.",10,4.5,,,fixed_baseline,0.5185425999998188,6.979499816894531,outputs\day2_baseline_10steps\24_a_busy_spaceport_spreads_beneath_an_orange_sky_where_two_astrona.png,False
fixed_10,25,50_words,50,"A family picnic fills a sunny park, where a child flies a kite, a dog sleeps beneath the table, balloons drift near a fountain, grandparents pour lemonade, sandwiches sit in baskets, and clouds cast soft shadows across the grass while birds circle above a blanket covered with fresh strawberries nearby.",10,4.5,,,fixed_baseline,0.5325017000000116,6.979499816894531,outputs\day2_baseline_10steps\25_a_family_picnic_fills_a_sunny_park_where_a_child_flies_a_kite_a_.png,False
fixed_10,26,50_words,50,"A steampunk workshop contains brass gears, glass tubes, a robot bird, a chalkboard that says PCAS, copper lamps, scattered blueprints, and an inventor tightening a valve while sparks fly from a half built clockwork engine beside shelves packed with lenses springs tools and polished wooden boxes under smoky golden light.",10,4.5,,,fixed_baseline,0.5076991000000817,6.979499816894531,outputs\day2_baseline_10steps\26_a_steampunk_workshop_contains_brass_gears_glass_tubes_a_robot_bi.png,False
fixed_10,27,50_words,50,"A seaside festival begins at dusk with lanterns, musicians, children dancing, fireworks over the water, fishing boats tied to the pier, vendors selling fruit, and a painter capturing the scene while waves shimmer under purple clouds near a wooden stage covered with flowers ribbons drums and glowing paper stars tonight.",10,4.5,,,fixed_baseline,0.5261160000000018,6.979499816894531,outputs\day2_baseline_10steps\27_a_seaside_festival_begins_at_dusk_with_lanterns_musicians_childr.png,False
fixed_10,28,50_words,50,"A detective office is cluttered with case files, where a woman studies a city map, a man holds a flashlight, clues cover the wall, rain streaks the window, and a clock points toward midnight as coffee steams beside photographs marked with red thread across a dusty wooden desk quietly tonight.",10,4.5,,,fixed_baseline,0.5215593000002627,6.979499816894531,outputs\day2_baseline_10steps\28_a_detective_office_is_cluttered_with_case_files_where_a_woman_st.png,False
fixed_10,29,50_words,50,"A fantasy battle unfolds in heavy rain as a dragon flies above a castle, knights defend a bridge, archers light flaming arrows, horses rear near broken shields, and lightning reveals a wizard casting blue magic while villagers watch from stone windows beside banners torn by wind over the river below.",10,4.5,,,fixed_baseline,0.5246387999995932,6.979499816894531,outputs\day2_baseline_10steps\29_a_fantasy_battle_unfolds_in_heavy_rain_as_a_dragon_flies_above_a.png,False
fixed_10,30,50_words,50,"A futuristic classroom shows robots and children building a small rocket, posters spelling SANA on the wall, tablets glowing on desks, a teacher adjusting holographic equations, and tiny drones carrying tools between colorful experiment stations while sunlight enters through wide windows above plants wires gears notebooks and safety helmets neatly.",10,4.5,,,fixed_baseline,0.5319012999998449,6.979499816894531,outputs\day2_baseline_10steps\30_a_futuristic_classroom_shows_robots_and_children_building_a_smal.png,False
fixed_20,1,10_words,10,red apple resting on wooden table under soft studio light,20,4.5,,,fixed_baseline,2.820030900000347,6.979499816894531,outputs\day2_baseline_20steps\01_red_apple_resting_on_wooden_table_under_soft_studio_light.png,True
fixed_20,2,10_words,10,golden retriever sitting on grass beside a white garden ball,20,4.5,,,fixed_baseline,1.0299128000001474,6.979499816894531,outputs\day2_baseline_20steps\02_golden_retriever_sitting_on_grass_beside_a_white_garden_ball.png,False
fixed_20,3,10_words,10,blue sports car parked on empty road at bright noon,20,4.5,,,fixed_baseline,1.0113271000000168,6.979499816894531,outputs\day2_baseline_20steps\03_blue_sports_car_parked_on_empty_road_at_bright_noon.png,False
fixed_20,4,10_words,10,white ceramic mug steaming on kitchen counter near morning window,20,4.5,,,fixed_baseline,1.0020230000000083,6.979499816894531,outputs\day2_baseline_20steps\04_white_ceramic_mug_steaming_on_kitchen_counter_near_morning_windo.png,False
fixed_20,5,10_words,10,sunflower standing in clear glass vase beside folded linen napkin,20,4.5,,,fixed_baseline,1.0091355999998086,6.979499816894531,outputs\day2_baseline_20steps\05_sunflower_standing_in_clear_glass_vase_beside_folded_linen_napki.png,False
fixed_20,6,10_words,10,black bicycle leaning against brick wall after summer rain quietly,20,4.5,,,fixed_baseline,1.0511694000001626,6.979499816894531,outputs\day2_baseline_20steps\06_black_bicycle_leaning_against_brick_wall_after_summer_rain_quiet.png,False
fixed_20,7,10_words,10,chocolate cake slice on porcelain plate with silver fork nearby,20,4.5,,,fixed_baseline,1.0302264000001742,6.979499816894531,outputs\day2_baseline_20steps\07_chocolate_cake_slice_on_porcelain_plate_with_silver_fork_nearby.png,False
fixed_20,8,10_words,10,green backpack hanging from classroom chair under fluorescent lights quietly,20,4.5,,,fixed_baseline,0.9974779999997736,6.979499816894531,outputs\day2_baseline_20steps\08_green_backpack_hanging_from_classroom_chair_under_fluorescent_li.png,False
fixed_20,9,10_words,10,white sailboat drifting across calm lake during golden sunset alone,20,4.5,,,fixed_baseline,0.9358594000000267,6.979499816894531,outputs\day2_baseline_20steps\09_white_sailboat_drifting_across_calm_lake_during_golden_sunset_al.png,False
fixed_20,10,10_words,10,red sneakers placed on concrete floor beside gym lockers neatly,20,4.5,,,fixed_baseline,1.103769899999861,6.979499816894531,outputs\day2_baseline_20steps\10_red_sneakers_placed_on_concrete_floor_beside_gym_lockers_neatly.png,False
fixed_20,11,30_words,30,"A robot chef cooks pasta in a modern kitchen, steam rising from the pan, stainless tools hanging nearby, warm cinematic lighting, and a curious child watching from the doorway quietly.",20,4.5,,,fixed_baseline,1.0068433999999797,6.979499816894531,outputs\day2_baseline_20steps\11_a_robot_chef_cooks_pasta_in_a_modern_kitchen_steam_rising_from_t.png,False
fixed_20,12,30_words,30,"A cozy bedroom glows with warm sunset light through a large window, with folded blankets, potted plants, framed photos, and a small desk ready for reading beside tea and pencils.",20,4.5,,,fixed_baseline,1.0156314000000748,6.979499816894531,outputs\day2_baseline_20steps\12_a_cozy_bedroom_glows_with_warm_sunset_light_through_a_large_wind.png,False
fixed_20,13,30_words,30,"A futuristic train station has glass walls, hovering signs, morning sunlight, travelers waiting on silver benches, and a sleek maglev train arriving beside platform seven with soft blue interior lights.",20,4.5,,,fixed_baseline,0.9805181000001539,6.979499816894531,outputs\day2_baseline_20steps\13_a_futuristic_train_station_has_glass_walls_hovering_signs_mornin.png,False
fixed_20,14,30_words,30,"A young astronaut plants a flag on a colorful alien planet, while crystal rocks, purple grass, two moons, and a tiny rover fill the background under pale green evening clouds.",20,4.5,,,fixed_baseline,0.9717218000000685,6.979499816894531,outputs\day2_baseline_20steps\14_a_young_astronaut_plants_a_flag_on_a_colorful_alien_planet_while.png,False
fixed_20,15,30_words,30,"A vintage camera rests on a wooden desk surrounded by travel postcards, brass coins, a notebook, warm lamplight, and an open map of Europe beside a half packed canvas bag.",20,4.5,,,fixed_baseline,0.9929556000001867,6.979499816894531,outputs\day2_baseline_20steps\15_a_vintage_camera_rests_on_a_wooden_desk_surrounded_by_travel_pos.png,False
fixed_20,16,30_words,30,"A small cafe corner holds leafy plants, stacked books, a blue armchair, soft afternoon light, and a steaming cup of coffee beside a handwritten menu on the narrow wooden table.",20,4.5,,,fixed_baseline,0.9674891999998181,6.979499816894531,outputs\day2_baseline_20steps\16_a_small_cafe_corner_holds_leafy_plants_stacked_books_a_blue_armc.png,False
fixed_20,17,30_words,30,"A watercolor painting shows a mountain village beside a river, with stone bridges, red roofs, distant mist, pine trees, and tiny people walking home under a pale evening sky together.",20,4.5,,,fixed_baseline,0.9847779000001537,6.979499816894531,outputs\day2_baseline_20steps\17_a_watercolor_painting_shows_a_mountain_village_beside_a_river_wi.png,False
fixed_20,18,30_words,30,"A fantasy library rises around a spiral staircase, with floating candles, glowing books, brass ladders, velvet chairs, and a cat sleeping beneath the desk near a blue magical globe quietly.",20,4.5,,,fixed_baseline,0.9349440000000868,6.979499816894531,outputs\day2_baseline_20steps\18_a_fantasy_library_rises_around_a_spiral_staircase_with_floating_.png,False
fixed_20,19,30_words,30,"A rainy city street reflects shop windows and traffic lights, while pedestrians carry umbrellas past bicycles, food stalls, neon signs, and puddles glowing orange under a dark cinematic evening sky.",20,4.5,,,fixed_baseline,0.888218500000221,6.979499816894531,outputs\day2_baseline_20steps\19_a_rainy_city_street_reflects_shop_windows_and_traffic_lights_whi.png,False
fixed_20,20,30_words,30,"A wooden cabin sits in a snowy forest, smoke rising from the chimney, warm windows glowing, pine branches bending, and footprints crossing the yard toward a small frozen pond nearby.",20,4.5,,,fixed_baseline,0.9746665000002395,6.979499816894531,outputs\day2_baseline_20steps\20_a_wooden_cabin_sits_in_a_snowy_forest_smoke_rising_from_the_chim.png,False
fixed_20,21,50_words,50,"A small robot holds a red umbrella beside a striped cat in front of a rainy bookstore, while the window sign says SANA, puddles reflect yellow lamps, two bicycles lean nearby, and a delivery drone hovers above the narrow street as shoppers wait under awnings during a gentle evening storm.",20,4.5,,,fixed_baseline,1.021550500000103,6.979499816894531,outputs\day2_baseline_20steps\21_a_small_robot_holds_a_red_umbrella_beside_a_striped_cat_in_front.png,False
fixed_20,22,50_words,50,"A cyberpunk street market glows at midnight with crowded food stalls, neon kanji signs, rain reflections, masked shoppers, steam vents, hovering taxis, and a musician playing beside a noodle cart, while a child points at a holographic dragon above the wet plaza near a flickering red vending machine tonight outside.",20,4.5,,,fixed_baseline,1.0181101000002855,6.979499816894531,outputs\day2_baseline_20steps\22_a_cyberpunk_street_market_glows_at_midnight_with_crowded_food_st.png,False
fixed_20,23,50_words,50,"A medieval wizard teaches three students inside a crowded library, with glowing books floating above an oak table, candles dripping wax, a raven watching from a shelf, maps pinned to stone walls, and a silver telescope aimed at moonlight through the tall arched window behind a stack of scrolls tonight.",20,4.5,,,fixed_baseline,1.013193400000091,6.979499816894531,outputs\day2_baseline_20steps\23_a_medieval_wizard_teaches_three_students_inside_a_crowded_librar.png,False
fixed_20,24,50_words,50,"A busy spaceport spreads beneath an orange sky, where two astronauts repair a rover beside a cargo ship, engineers carry tools, fuel pipes cross the landing pad, warning lights blink, and tourists photograph distant planets from behind glass while security robots guide them toward a silver observation balcony above calmly.",20,4.5,,,fixed_baseline,0.9989329999998517,6.979499816894531,outputs\day2_baseline_20steps\24_a_busy_spaceport_spreads_beneath_an_orange_sky_where_two_astrona.png,False
fixed_20,25,50_words,50,"A family picnic fills a sunny park, where a child flies a kite, a dog sleeps beneath the table, balloons drift near a fountain, grandparents pour lemonade, sandwiches sit in baskets, and clouds cast soft shadows across the grass while birds circle above a blanket covered with fresh strawberries nearby.",20,4.5,,,fixed_baseline,1.002614099999846,6.979499816894531,outputs\day2_baseline_20steps\25_a_family_picnic_fills_a_sunny_park_where_a_child_flies_a_kite_a_.png,False
fixed_20,26,50_words,50,"A steampunk workshop contains brass gears, glass tubes, a robot bird, a chalkboard that says PCAS, copper lamps, scattered blueprints, and an inventor tightening a valve while sparks fly from a half built clockwork engine beside shelves packed with lenses springs tools and polished wooden boxes under smoky golden light.",20,4.5,,,fixed_baseline,0.9627567000002273,6.979499816894531,outputs\day2_baseline_20steps\26_a_steampunk_workshop_contains_brass_gears_glass_tubes_a_robot_bi.png,False
fixed_20,27,50_words,50,"A seaside festival begins at dusk with lanterns, musicians, children dancing, fireworks over the water, fishing boats tied to the pier, vendors selling fruit, and a painter capturing the scene while waves shimmer under purple clouds near a wooden stage covered with flowers ribbons drums and glowing paper stars tonight.",20,4.5,,,fixed_baseline,1.0056004000002758,6.979499816894531,outputs\day2_baseline_20steps\27_a_seaside_festival_begins_at_dusk_with_lanterns_musicians_childr.png,False
fixed_20,28,50_words,50,"A detective office is cluttered with case files, where a woman studies a city map, a man holds a flashlight, clues cover the wall, rain streaks the window, and a clock points toward midnight as coffee steams beside photographs marked with red thread across a dusty wooden desk quietly tonight.",20,4.5,,,fixed_baseline,0.9945112999998855,6.979499816894531,outputs\day2_baseline_20steps\28_a_detective_office_is_cluttered_with_case_files_where_a_woman_st.png,False
fixed_20,29,50_words,50,"A fantasy battle unfolds in heavy rain as a dragon flies above a castle, knights defend a bridge, archers light flaming arrows, horses rear near broken shields, and lightning reveals a wizard casting blue magic while villagers watch from stone windows beside banners torn by wind over the river below.",20,4.5,,,fixed_baseline,0.9971294999995735,6.979499816894531,outputs\day2_baseline_20steps\29_a_fantasy_battle_unfolds_in_heavy_rain_as_a_dragon_flies_above_a.png,False
fixed_20,30,50_words,50,"A futuristic classroom shows robots and children building a small rocket, posters spelling SANA on the wall, tablets glowing on desks, a teacher adjusting holographic equations, and tiny drones carrying tools between colorful experiment stations while sunlight enters through wide windows above plants wires gears notebooks and safety helmets neatly.",20,4.5,,,fixed_baseline,0.9909855999999309,6.979499816894531,outputs\day2_baseline_20steps\30_a_futuristic_classroom_shows_robots_and_children_building_a_smal.png,False
fixed_28,1,10_words,10,red apple resting on wooden table under soft studio light,28,4.5,,,fixed_baseline,2.9497417999996287,6.979499816894531,outputs\day2_baseline_28steps\01_red_apple_resting_on_wooden_table_under_soft_studio_light.png,True
fixed_28,2,10_words,10,golden retriever sitting on grass beside a white garden ball,28,4.5,,,fixed_baseline,1.2887544999998681,6.979499816894531,outputs\day2_baseline_28steps\02_golden_retriever_sitting_on_grass_beside_a_white_garden_ball.png,False
fixed_28,3,10_words,10,blue sports car parked on empty road at bright noon,28,4.5,,,fixed_baseline,1.275701100000333,6.979499816894531,outputs\day2_baseline_28steps\03_blue_sports_car_parked_on_empty_road_at_bright_noon.png,False
fixed_28,4,10_words,10,white ceramic mug steaming on kitchen counter near morning window,28,4.5,,,fixed_baseline,1.3217395000001488,6.979499816894531,outputs\day2_baseline_28steps\04_white_ceramic_mug_steaming_on_kitchen_counter_near_morning_windo.png,False
fixed_28,5,10_words,10,sunflower standing in clear glass vase beside folded linen napkin,28,4.5,,,fixed_baseline,1.2984058000001824,6.979499816894531,outputs\day2_baseline_28steps\05_sunflower_standing_in_clear_glass_vase_beside_folded_linen_napki.png,False
fixed_28,6,10_words,10,black bicycle leaning against brick wall after summer rain quietly,28,4.5,,,fixed_baseline,1.2593299000000115,6.979499816894531,outputs\day2_baseline_28steps\06_black_bicycle_leaning_against_brick_wall_after_summer_rain_quiet.png,False
fixed_28,7,10_words,10,chocolate cake slice on porcelain plate with silver fork nearby,28,4.5,,,fixed_baseline,1.2570804999995744,6.979499816894531,outputs\day2_baseline_28steps\07_chocolate_cake_slice_on_porcelain_plate_with_silver_fork_nearby.png,False
fixed_28,8,10_words,10,green backpack hanging from classroom chair under fluorescent lights quietly,28,4.5,,,fixed_baseline,1.3300827000002755,6.979499816894531,outputs\day2_baseline_28steps\08_green_backpack_hanging_from_classroom_chair_under_fluorescent_li.png,False
fixed_28,9,10_words,10,white sailboat drifting across calm lake during golden sunset alone,28,4.5,,,fixed_baseline,1.3678655999997318,6.979499816894531,outputs\day2_baseline_28steps\09_white_sailboat_drifting_across_calm_lake_during_golden_sunset_al.png,False
fixed_28,10,10_words,10,red sneakers placed on concrete floor beside gym lockers neatly,28,4.5,,,fixed_baseline,1.3337754999997742,6.979499816894531,outputs\day2_baseline_28steps\10_red_sneakers_placed_on_concrete_floor_beside_gym_lockers_neatly.png,False
fixed_28,11,30_words,30,"A robot chef cooks pasta in a modern kitchen, steam rising from the pan, stainless tools hanging nearby, warm cinematic lighting, and a curious child watching from the doorway quietly.",28,4.5,,,fixed_baseline,1.3300459000001865,6.979499816894531,outputs\day2_baseline_28steps\11_a_robot_chef_cooks_pasta_in_a_modern_kitchen_steam_rising_from_t.png,False
fixed_28,12,30_words,30,"A cozy bedroom glows with warm sunset light through a large window, with folded blankets, potted plants, framed photos, and a small desk ready for reading beside tea and pencils.",28,4.5,,,fixed_baseline,1.3867215999998734,6.979499816894531,outputs\day2_baseline_28steps\12_a_cozy_bedroom_glows_with_warm_sunset_light_through_a_large_wind.png,False
fixed_28,13,30_words,30,"A futuristic train station has glass walls, hovering signs, morning sunlight, travelers waiting on silver benches, and a sleek maglev train arriving beside platform seven with soft blue interior lights.",28,4.5,,,fixed_baseline,1.3620090999997956,6.979499816894531,outputs\day2_baseline_28steps\13_a_futuristic_train_station_has_glass_walls_hovering_signs_mornin.png,False
fixed_28,14,30_words,30,"A young astronaut plants a flag on a colorful alien planet, while crystal rocks, purple grass, two moons, and a tiny rover fill the background under pale green evening clouds.",28,4.5,,,fixed_baseline,1.3368226000002323,6.979499816894531,outputs\day2_baseline_28steps\14_a_young_astronaut_plants_a_flag_on_a_colorful_alien_planet_while.png,False
fixed_28,15,30_words,30,"A vintage camera rests on a wooden desk surrounded by travel postcards, brass coins, a notebook, warm lamplight, and an open map of Europe beside a half packed canvas bag.",28,4.5,,,fixed_baseline,1.3495473999996648,6.979499816894531,outputs\day2_baseline_28steps\15_a_vintage_camera_rests_on_a_wooden_desk_surrounded_by_travel_pos.png,False
fixed_28,16,30_words,30,"A small cafe corner holds leafy plants, stacked books, a blue armchair, soft afternoon light, and a steaming cup of coffee beside a handwritten menu on the narrow wooden table.",28,4.5,,,fixed_baseline,1.3337649000000056,6.979499816894531,outputs\day2_baseline_28steps\16_a_small_cafe_corner_holds_leafy_plants_stacked_books_a_blue_armc.png,False
fixed_28,17,30_words,30,"A watercolor painting shows a mountain village beside a river, with stone bridges, red roofs, distant mist, pine trees, and tiny people walking home under a pale evening sky together.",28,4.5,,,fixed_baseline,1.295589899999868,6.979499816894531,outputs\day2_baseline_28steps\17_a_watercolor_painting_shows_a_mountain_village_beside_a_river_wi.png,False
fixed_28,18,30_words,30,"A fantasy library rises around a spiral staircase, with floating candles, glowing books, brass ladders, velvet chairs, and a cat sleeping beneath the desk near a blue magical globe quietly.",28,4.5,,,fixed_baseline,1.3580861999998888,6.979499816894531,outputs\day2_baseline_28steps\18_a_fantasy_library_rises_around_a_spiral_staircase_with_floating_.png,False
fixed_28,19,30_words,30,"A rainy city street reflects shop windows and traffic lights, while pedestrians carry umbrellas past bicycles, food stalls, neon signs, and puddles glowing orange under a dark cinematic evening sky.",28,4.5,,,fixed_baseline,1.4618679999998676,6.979499816894531,outputs\day2_baseline_28steps\19_a_rainy_city_street_reflects_shop_windows_and_traffic_lights_whi.png,False
fixed_28,20,30_words,30,"A wooden cabin sits in a snowy forest, smoke rising from the chimney, warm windows glowing, pine branches bending, and footprints crossing the yard toward a small frozen pond nearby.",28,4.5,,,fixed_baseline,1.4340127000000393,6.979499816894531,outputs\day2_baseline_28steps\20_a_wooden_cabin_sits_in_a_snowy_forest_smoke_rising_from_the_chim.png,False
fixed_28,21,50_words,50,"A small robot holds a red umbrella beside a striped cat in front of a rainy bookstore, while the window sign says SANA, puddles reflect yellow lamps, two bicycles lean nearby, and a delivery drone hovers above the narrow street as shoppers wait under awnings during a gentle evening storm.",28,4.5,,,fixed_baseline,1.4070327999997971,6.979499816894531,outputs\day2_baseline_28steps\21_a_small_robot_holds_a_red_umbrella_beside_a_striped_cat_in_front.png,False
fixed_28,22,50_words,50,"A cyberpunk street market glows at midnight with crowded food stalls, neon kanji signs, rain reflections, masked shoppers, steam vents, hovering taxis, and a musician playing beside a noodle cart, while a child points at a holographic dragon above the wet plaza near a flickering red vending machine tonight outside.",28,4.5,,,fixed_baseline,1.330379399999856,6.979499816894531,outputs\day2_baseline_28steps\22_a_cyberpunk_street_market_glows_at_midnight_with_crowded_food_st.png,False
fixed_28,23,50_words,50,"A medieval wizard teaches three students inside a crowded library, with glowing books floating above an oak table, candles dripping wax, a raven watching from a shelf, maps pinned to stone walls, and a silver telescope aimed at moonlight through the tall arched window behind a stack of scrolls tonight.",28,4.5,,,fixed_baseline,1.3357304000001022,6.979499816894531,outputs\day2_baseline_28steps\23_a_medieval_wizard_teaches_three_students_inside_a_crowded_librar.png,False
fixed_28,24,50_words,50,"A busy spaceport spreads beneath an orange sky, where two astronauts repair a rover beside a cargo ship, engineers carry tools, fuel pipes cross the landing pad, warning lights blink, and tourists photograph distant planets from behind glass while security robots guide them toward a silver observation balcony above calmly.",28,4.5,,,fixed_baseline,1.3045222999999169,6.979499816894531,outputs\day2_baseline_28steps\24_a_busy_spaceport_spreads_beneath_an_orange_sky_where_two_astrona.png,False
fixed_28,25,50_words,50,"A family picnic fills a sunny park, where a child flies a kite, a dog sleeps beneath the table, balloons drift near a fountain, grandparents pour lemonade, sandwiches sit in baskets, and clouds cast soft shadows across the grass while birds circle above a blanket covered with fresh strawberries nearby.",28,4.5,,,fixed_baseline,1.3194986999997127,6.979499816894531,outputs\day2_baseline_28steps\25_a_family_picnic_fills_a_sunny_park_where_a_child_flies_a_kite_a_.png,False
fixed_28,26,50_words,50,"A steampunk workshop contains brass gears, glass tubes, a robot bird, a chalkboard that says PCAS, copper lamps, scattered blueprints, and an inventor tightening a valve while sparks fly from a half built clockwork engine beside shelves packed with lenses springs tools and polished wooden boxes under smoky golden light.",28,4.5,,,fixed_baseline,1.309361699999954,6.979499816894531,outputs\day2_baseline_28steps\26_a_steampunk_workshop_contains_brass_gears_glass_tubes_a_robot_bi.png,False
fixed_28,27,50_words,50,"A seaside festival begins at dusk with lanterns, musicians, children dancing, fireworks over the water, fishing boats tied to the pier, vendors selling fruit, and a painter capturing the scene while waves shimmer under purple clouds near a wooden stage covered with flowers ribbons drums and glowing paper stars tonight.",28,4.5,,,fixed_baseline,1.3382047999998576,6.979499816894531,outputs\day2_baseline_28steps\27_a_seaside_festival_begins_at_dusk_with_lanterns_musicians_childr.png,False
fixed_28,28,50_words,50,"A detective office is cluttered with case files, where a woman studies a city map, a man holds a flashlight, clues cover the wall, rain streaks the window, and a clock points toward midnight as coffee steams beside photographs marked with red thread across a dusty wooden desk quietly tonight.",28,4.5,,,fixed_baseline,1.322740000000067,6.979499816894531,outputs\day2_baseline_28steps\28_a_detective_office_is_cluttered_with_case_files_where_a_woman_st.png,False
fixed_28,29,50_words,50,"A fantasy battle unfolds in heavy rain as a dragon flies above a castle, knights defend a bridge, archers light flaming arrows, horses rear near broken shields, and lightning reveals a wizard casting blue magic while villagers watch from stone windows beside banners torn by wind over the river below.",28,4.5,,,fixed_baseline,1.3259527000000162,6.979499816894531,outputs\day2_baseline_28steps\29_a_fantasy_battle_unfolds_in_heavy_rain_as_a_dragon_flies_above_a.png,False
fixed_28,30,50_words,50,"A futuristic classroom shows robots and children building a small rocket, posters spelling SANA on the wall, tablets glowing on desks, a teacher adjusting holographic equations, and tiny drones carrying tools between colorful experiment stations while sunlight enters through wide windows above plants wires gears notebooks and safety helmets neatly.",28,4.5,,,fixed_baseline,1.3344489000000976,6.979499816894531,outputs\day2_baseline_28steps\30_a_futuristic_classroom_shows_robots_and_children_building_a_smal.png,False
rule_pcas_7_2,1,10_words,10,red apple resting on wooden table under soft studio light,10,4.0,short,0.2233333333333333,rule_based,2.4122268000000986,6.979499816894531,outputs\day3_pcas\01_short_red_apple_resting_on_wooden_table_under_soft_studio_light.png,True
rule_pcas_7_2,2,10_words,10,golden retriever sitting on grass beside a white garden ball,10,4.0,short,0.18999999999999997,rule_based,0.5991744999996627,6.979499816894531,outputs\day3_pcas\02_short_golden_retriever_sitting_on_grass_beside_a_white_garden_ball.png,False
rule_pcas_7_2,3,10_words,10,blue sports car parked on empty road at bright noon,10,4.0,short,0.13999999999999999,rule_based,0.5968055999996977,6.979499816894531,outputs\day3_pcas\03_short_blue_sports_car_parked_on_empty_road_at_bright_noon.png,False
rule_pcas_7_2,4,10_words,10,white ceramic mug steaming on kitchen counter near morning window,10,4.0,short,0.18999999999999997,rule_based,0.5980641000001015,6.979499816894531,outputs\day3_pcas\04_short_white_ceramic_mug_steaming_on_kitchen_counter_near_morning_windo.png,False
rule_pcas_7_2,5,10_words,10,sunflower standing in clear glass vase beside folded linen napkin,10,4.0,short,0.18999999999999997,rule_based,0.5947134999996706,6.979499816894531,outputs\day3_pcas\05_short_sunflower_standing_in_clear_glass_vase_beside_folded_linen_napki.png,False
rule_pcas_7_2,6,10_words,10,black bicycle leaning against brick wall after summer rain quietly,10,4.0,short,0.13999999999999999,rule_based,0.581735899999785,6.979499816894531,outputs\day3_pcas\06_short_black_bicycle_leaning_against_brick_wall_after_summer_rain_quiet.png,False
rule_pcas_7_2,7,10_words,10,chocolate cake slice on porcelain plate with silver fork nearby,10,4.0,short,0.13999999999999999,rule_based,0.5918237999999292,6.979499816894531,outputs\day3_pcas\07_short_chocolate_cake_slice_on_porcelain_plate_with_silver_fork_nearby.png,False
rule_pcas_7_2,8,10_words,10,green backpack hanging from classroom chair under fluorescent lights quietly,10,4.0,short,0.18999999999999997,rule_based,0.5942245000001094,6.979499816894531,outputs\day3_pcas\08_short_green_backpack_hanging_from_classroom_chair_under_fluorescent_li.png,False
rule_pcas_7_2,9,10_words,10,white sailboat drifting across calm lake during golden sunset alone,10,4.0,short,0.13999999999999999,rule_based,0.5858892000001106,6.979499816894531,outputs\day3_pcas\09_short_white_sailboat_drifting_across_calm_lake_during_golden_sunset_al.png,False
rule_pcas_7_2,10,10_words,10,red sneakers placed on concrete floor beside gym lockers neatly,10,4.0,short,0.18999999999999997,rule_based,0.5935424999997849,6.979499816894531,outputs\day3_pcas\10_short_red_sneakers_placed_on_concrete_floor_beside_gym_lockers_neatly.png,False
rule_pcas_7_2,11,30_words,30,"A robot chef cooks pasta in a modern kitchen, steam rising from the pan, stainless tools hanging nearby, warm cinematic lighting, and a curious child watching from the doorway quietly.",20,4.5,medium,0.4533333333333333,rule_based,1.0096325999998044,6.979499816894531,outputs\day3_pcas\11_medium_a_robot_chef_cooks_pasta_in_a_modern_kitchen_steam_rising_from_t.png,False
rule_pcas_7_2,12,30_words,30,"A cozy bedroom glows with warm sunset light through a large window, with folded blankets, potted plants, framed photos, and a small desk ready for reading beside tea and pencils.",20,4.5,medium,0.47,rule_based,0.9855227000002742,6.979499816894531,outputs\day3_pcas\12_medium_a_cozy_bedroom_glows_with_warm_sunset_light_through_a_large_wind.png,False
rule_pcas_7_2,13,30_words,30,"A futuristic train station has glass walls, hovering signs, morning sunlight, travelers waiting on silver benches, and a sleek maglev train arriving beside platform seven with soft blue interior lights.",20,4.5,medium,0.47,rule_based,0.9872495999998137,6.979499816894531,outputs\day3_pcas\13_medium_a_futuristic_train_station_has_glass_walls_hovering_signs_mornin.png,False
rule_pcas_7_2,14,30_words,30,"A young astronaut plants a flag on a colorful alien planet, while crystal rocks, purple grass, two moons, and a tiny rover fill the background under pale green evening clouds.",20,4.5,medium,0.47,rule_based,0.9749874000003729,6.979499816894531,outputs\day3_pcas\14_medium_a_young_astronaut_plants_a_flag_on_a_colorful_alien_planet_while.png,False
rule_pcas_7_2,15,30_words,30,"A vintage camera rests on a wooden desk surrounded by travel postcards, brass coins, a notebook, warm lamplight, and an open map of Europe beside a half packed canvas bag.",20,4.5,medium,0.47,rule_based,0.9957651999998234,6.979499816894531,outputs\day3_pcas\15_medium_a_vintage_camera_rests_on_a_wooden_desk_surrounded_by_travel_pos.png,False
rule_pcas_7_2,16,30_words,30,"A small cafe corner holds leafy plants, stacked books, a blue armchair, soft afternoon light, and a steaming cup of coffee beside a handwritten menu on the narrow wooden table.",20,4.5,medium,0.47,rule_based,0.9987581000000318,6.979499816894531,outputs\day3_pcas\16_medium_a_small_cafe_corner_holds_leafy_plants_stacked_books_a_blue_armc.png,False
rule_pcas_7_2,17,30_words,30,"A watercolor painting shows a mountain village beside a river, with stone bridges, red roofs, distant mist, pine trees, and tiny people walking home under a pale evening sky together.",20,4.5,medium,0.5533333333333333,rule_based,0.9943750000002183,6.979499816894531,outputs\day3_pcas\17_medium_a_watercolor_painting_shows_a_mountain_village_beside_a_river_wi.png,False
rule_pcas_7_2,18,30_words,30,"A fantasy library rises around a spiral staircase, with floating candles, glowing books, brass ladders, velvet chairs, and a cat sleeping beneath the desk near a blue magical globe quietly.",20,4.5,medium,0.5033333333333333,rule_based,0.976255200000196,6.979499816894531,outputs\day3_pcas\18_medium_a_fantasy_library_rises_around_a_spiral_staircase_with_floating_.png,False
rule_pcas_7_2,19,30_words,30,"A rainy city street reflects shop windows and traffic lights, while pedestrians carry umbrellas past bicycles, food stalls, neon signs, and puddles glowing orange under a dark cinematic evening sky.",20,4.5,medium,0.5366666666666666,rule_based,0.9762375000000247,6.979499816894531,outputs\day3_pcas\19_medium_a_rainy_city_street_reflects_shop_windows_and_traffic_lights_whi.png,False
rule_pcas_7_2,20,30_words,30,"A wooden cabin sits in a snowy forest, smoke rising from the chimney, warm windows glowing, pine branches bending, and footprints crossing the yard toward a small frozen pond nearby.",20,4.5,medium,0.42,rule_based,0.9810623999997006,6.979499816894531,outputs\day3_pcas\20_medium_a_wooden_cabin_sits_in_a_snowy_forest_smoke_rising_from_the_chim.png,False
rule_pcas_7_2,21,50_words,50,"A small robot holds a red umbrella beside a striped cat in front of a rainy bookstore, while the window sign says SANA, puddles reflect yellow lamps, two bicycles lean nearby, and a delivery drone hovers above the narrow street as shoppers wait under awnings during a gentle evening storm.",28,5.0,long,0.9,rule_based,1.330913799999962,6.979499816894531,outputs\day3_pcas\21_long_a_small_robot_holds_a_red_umbrella_beside_a_striped_cat_in_front.png,False
rule_pcas_7_2,22,50_words,50,"A cyberpunk street market glows at midnight with crowded food stalls, neon kanji signs, rain reflections, masked shoppers, steam vents, hovering taxis, and a musician playing beside a noodle cart, while a child points at a holographic dragon above the wet plaza near a flickering red vending machine tonight outside.",28,5.0,long,0.9166666666666666,rule_based,1.31904140000006,6.979499816894531,outputs\day3_pcas\22_long_a_cyberpunk_street_market_glows_at_midnight_with_crowded_food_st.png,False
rule_pcas_7_2,23,50_words,50,"A medieval wizard teaches three students inside a crowded library, with glowing books floating above an oak table, candles dripping wax, a raven watching from a shelf, maps pinned to stone walls, and a silver telescope aimed at moonlight through the tall arched window behind a stack of scrolls tonight.",28,5.0,long,0.7999999999999999,rule_based,1.3215361000002304,6.979499816894531,outputs\day3_pcas\23_long_a_medieval_wizard_teaches_three_students_inside_a_crowded_librar.png,False
rule_pcas_7_2,24,50_words,50,"A busy spaceport spreads beneath an orange sky, where two astronauts repair a rover beside a cargo ship, engineers carry tools, fuel pipes cross the landing pad, warning lights blink, and tourists photograph distant planets from behind glass while security robots guide them toward a silver observation balcony above calmly.",28,5.0,long,0.85,rule_based,1.3220341999999619,6.979499816894531,outputs\day3_pcas\24_long_a_busy_spaceport_spreads_beneath_an_orange_sky_where_two_astrona.png,False
rule_pcas_7_2,25,50_words,50,"A family picnic fills a sunny park, where a child flies a kite, a dog sleeps beneath the table, balloons drift near a fountain, grandparents pour lemonade, sandwiches sit in baskets, and clouds cast soft shadows across the grass while birds circle above a blanket covered with fresh strawberries nearby.",28,5.0,long,0.7999999999999999,rule_based,1.3338432999998986,6.979499816894531,outputs\day3_pcas\25_long_a_family_picnic_fills_a_sunny_park_where_a_child_flies_a_kite_a_.png,False
rule_pcas_7_2,26,50_words,50,"A steampunk workshop contains brass gears, glass tubes, a robot bird, a chalkboard that says PCAS, copper lamps, scattered blueprints, and an inventor tightening a valve while sparks fly from a half built clockwork engine beside shelves packed with lenses springs tools and polished wooden boxes under smoky golden light.",28,5.0,long,0.9166666666666666,rule_based,1.2777652999998281,6.979499816894531,outputs\day3_pcas\26_long_a_steampunk_workshop_contains_brass_gears_glass_tubes_a_robot_bi.png,False
rule_pcas_7_2,27,50_words,50,"A seaside festival begins at dusk with lanterns, musicians, children dancing, fireworks over the water, fishing boats tied to the pier, vendors selling fruit, and a painter capturing the scene while waves shimmer under purple clouds near a wooden stage covered with flowers ribbons drums and glowing paper stars tonight.",28,5.0,long,0.7999999999999999,rule_based,1.2982291000002988,6.979499816894531,outputs\day3_pcas\27_long_a_seaside_festival_begins_at_dusk_with_lanterns_musicians_childr.png,False
rule_pcas_7_2,28,50_words,50,"A detective office is cluttered with case files, where a woman studies a city map, a man holds a flashlight, clues cover the wall, rain streaks the window, and a clock points toward midnight as coffee steams beside photographs marked with red thread across a dusty wooden desk quietly tonight.",28,5.0,long,0.75,rule_based,1.3124429999998029,6.979499816894531,outputs\day3_pcas\28_long_a_detective_office_is_cluttered_with_case_files_where_a_woman_st.png,False
rule_pcas_7_2,29,50_words,50,"A fantasy battle unfolds in heavy rain as a dragon flies above a castle, knights defend a bridge, archers light flaming arrows, horses rear near broken shields, and lightning reveals a wizard casting blue magic while villagers watch from stone windows beside banners torn by wind over the river below.",28,5.0,long,0.8833333333333333,rule_based,1.3256857000001219,6.979499816894531,outputs\day3_pcas\29_long_a_fantasy_battle_unfolds_in_heavy_rain_as_a_dragon_flies_above_a.png,False
rule_pcas_7_2,30,50_words,50,"A futuristic classroom shows robots and children building a small rocket, posters spelling SANA on the wall, tablets glowing on desks, a teacher adjusting holographic equations, and tiny drones carrying tools between colorful experiment stations while sunlight enters through wide windows above plants wires gears notebooks and safety helmets neatly.",28,5.0,long,0.9,rule_based,1.2830834999999752,6.979499816894531,outputs\day3_pcas\30_long_a_futuristic_classroom_shows_robots_and_children_building_a_smal.png,False
deepseek_pcas_7_3,1,10_words,10,red apple resting on wooden table under soft studio light,10,4.0,low,0.2426666666666667,deepseek_cache,2.607389599999806,6.979499816894531,outputs\day3_pcas_deepseek\01_low_red_apple_resting_on_wooden_table_under_soft_studio_light.png,True
deepseek_pcas_7_3,2,10_words,10,golden retriever sitting on grass beside a white garden ball,20,4.5,medium,0.5926666666666667,deepseek_cache,1.0747273000006317,6.979499816894531,outputs\day3_pcas_deepseek\02_medium_golden_retriever_sitting_on_grass_beside_a_white_garden_ball.png,False
deepseek_pcas_7_3,3,10_words,10,blue sports car parked on empty road at bright noon,10,4.0,low,0.22933333333333336,deepseek_cache,0.7243342000001576,6.979499816894531,outputs\day3_pcas_deepseek\03_low_blue_sports_car_parked_on_empty_road_at_bright_noon.png,False
deepseek_pcas_7_3,4,10_words,10,white ceramic mug steaming on kitchen counter near morning window,20,4.5,medium,0.5926666666666667,deepseek_cache,1.2418485000007422,6.979499816894531,outputs\day3_pcas_deepseek\04_medium_white_ceramic_mug_steaming_on_kitchen_counter_near_morning_windo.png,False
deepseek_pcas_7_3,5,10_words,10,sunflower standing in clear glass vase beside folded linen napkin,10,4.0,low,0.2426666666666667,deepseek_cache,0.6741949999995995,6.979499816894531,outputs\day3_pcas_deepseek\05_low_sunflower_standing_in_clear_glass_vase_beside_folded_linen_napki.png,False
deepseek_pcas_7_3,6,10_words,10,black bicycle leaning against brick wall after summer rain quietly,20,4.5,medium,0.5793333333333334,deepseek_cache,1.2113858000002438,6.979499816894531,outputs\day3_pcas_deepseek\06_medium_black_bicycle_leaning_against_brick_wall_after_summer_rain_quiet.png,False
deepseek_pcas_7_3,7,10_words,10,chocolate cake slice on porcelain plate with silver fork nearby,10,4.0,low,0.2426666666666667,deepseek_cache,0.6987234999996872,6.979499816894531,outputs\day3_pcas_deepseek\07_low_chocolate_cake_slice_on_porcelain_plate_with_silver_fork_nearby.png,False
deepseek_pcas_7_3,8,10_words,10,green backpack hanging from classroom chair under fluorescent lights quietly,20,4.5,medium,0.5926666666666667,deepseek_cache,1.035936799999945,6.979499816894531,outputs\day3_pcas_deepseek\08_medium_green_backpack_hanging_from_classroom_chair_under_fluorescent_li.png,False
deepseek_pcas_7_3,9,10_words,10,white sailboat drifting across calm lake during golden sunset alone,10,4.0,low,0.2426666666666667,deepseek_cache,0.6637730000002193,6.979499816894531,outputs\day3_pcas_deepseek\09_low_white_sailboat_drifting_across_calm_lake_during_golden_sunset_al.png,False
deepseek_pcas_7_3,10,10_words,10,red sneakers placed on concrete floor beside gym lockers neatly,20,4.5,medium,0.5926666666666667,deepseek_cache,1.1354283999999097,6.979499816894531,outputs\day3_pcas_deepseek\10_medium_red_sneakers_placed_on_concrete_floor_beside_gym_lockers_neatly.png,False
deepseek_pcas_7_3,11,30_words,30,"A robot chef cooks pasta in a modern kitchen, steam rising from the pan, stainless tools hanging nearby, warm cinematic lighting, and a curious child watching from the doorway quietly.",28,5.0,high,0.9380000000000001,deepseek_cache,1.456713800000216,6.979499816894531,outputs\day3_pcas_deepseek\11_high_a_robot_chef_cooks_pasta_in_a_modern_kitchen_steam_rising_from_t.png,False
deepseek_pcas_7_3,12,30_words,30,"A cozy bedroom glows with warm sunset light through a large window, with folded blankets, potted plants, framed photos, and a small desk ready for reading beside tea and pencils.",20,4.5,medium,0.6380000000000001,deepseek_cache,1.0622370000000956,6.979499816894531,outputs\day3_pcas_deepseek\12_medium_a_cozy_bedroom_glows_with_warm_sunset_light_through_a_large_wind.png,False
deepseek_pcas_7_3,13,30_words,30,"A futuristic train station has glass walls, hovering signs, morning sunlight, travelers waiting on silver benches, and a sleek maglev train arriving beside platform seven with soft blue interior lights.",28,5.0,high,0.9680000000000001,deepseek_cache,1.445528899999772,6.979499816894531,outputs\day3_pcas_deepseek\13_high_a_futuristic_train_station_has_glass_walls_hovering_signs_mornin.png,False
deepseek_pcas_7_3,14,30_words,30,"A young astronaut plants a flag on a colorful alien planet, while crystal rocks, purple grass, two moons, and a tiny rover fill the background under pale green evening clouds.",28,5.0,high,0.9380000000000001,deepseek_cache,1.4338804999997592,6.979499816894531,outputs\day3_pcas_deepseek\14_high_a_young_astronaut_plants_a_flag_on_a_colorful_alien_planet_while.png,False
deepseek_pcas_7_3,15,30_words,30,"A vintage camera rests on a wooden desk surrounded by travel postcards, brass coins, a notebook, warm lamplight, and an open map of Europe beside a half packed canvas bag.",28,5.0,high,0.9380000000000001,deepseek_cache,1.5100897000002078,6.979499816894531,outputs\day3_pcas_deepseek\15_high_a_vintage_camera_rests_on_a_wooden_desk_surrounded_by_travel_pos.png,False
deepseek_pcas_7_3,16,30_words,30,"A small cafe corner holds leafy plants, stacked books, a blue armchair, soft afternoon light, and a steaming cup of coffee beside a handwritten menu on the narrow wooden table.",28,5.0,high,0.9680000000000001,deepseek_cache,1.4335172000000966,6.979499816894531,outputs\day3_pcas_deepseek\16_high_a_small_cafe_corner_holds_leafy_plants_stacked_books_a_blue_armc.png,False
deepseek_pcas_7_3,17,30_words,30,"A watercolor painting shows a mountain village beside a river, with stone bridges, red roofs, distant mist, pine trees, and tiny people walking home under a pale evening sky together.",28,5.0,high,0.9380000000000001,deepseek_cache,1.4301075999992463,6.979499816894531,outputs\day3_pcas_deepseek\17_high_a_watercolor_painting_shows_a_mountain_village_beside_a_river_wi.png,False
deepseek_pcas_7_3,18,30_words,30,"A fantasy library rises around a spiral staircase, with floating candles, glowing books, brass ladders, velvet chairs, and a cat sleeping beneath the desk near a blue magical globe quietly.",28,5.0,high,0.9380000000000001,deepseek_cache,1.4876745999999912,6.979499816894531,outputs\day3_pcas_deepseek\18_high_a_fantasy_library_rises_around_a_spiral_staircase_with_floating_.png,False
deepseek_pcas_7_3,19,30_words,30,"A rainy city street reflects shop windows and traffic lights, while pedestrians carry umbrellas past bicycles, food stalls, neon signs, and puddles glowing orange under a dark cinematic evening sky.",28,5.0,high,0.9680000000000001,deepseek_cache,1.4701157999998031,6.979499816894531,outputs\day3_pcas_deepseek\19_high_a_rainy_city_street_reflects_shop_windows_and_traffic_lights_whi.png,False
deepseek_pcas_7_3,20,30_words,30,"A wooden cabin sits in a snowy forest, smoke rising from the chimney, warm windows glowing, pine branches bending, and footprints crossing the yard toward a small frozen pond nearby.",28,5.0,high,0.9380000000000001,deepseek_cache,1.4651567999999315,6.979499816894531,outputs\day3_pcas_deepseek\20_high_a_wooden_cabin_sits_in_a_snowy_forest_smoke_rising_from_the_chim.png,False
deepseek_pcas_7_3,21,50_words,50,"A small robot holds a red umbrella beside a striped cat in front of a rainy bookstore, while the window sign says SANA, puddles reflect yellow lamps, two bicycles lean nearby, and a delivery drone hovers above the narrow street as shoppers wait under awnings during a gentle evening storm.",28,5.0,high,1.0,deepseek_cache,1.5419590999999855,6.979499816894531,outputs\day3_pcas_deepseek\21_high_a_small_robot_holds_a_red_umbrella_beside_a_striped_cat_in_front.png,False
deepseek_pcas_7_3,22,50_words,50,"A cyberpunk street market glows at midnight with crowded food stalls, neon kanji signs, rain reflections, masked shoppers, steam vents, hovering taxis, and a musician playing beside a noodle cart, while a child points at a holographic dragon above the wet plaza near a flickering red vending machine tonight outside.",28,5.0,high,1.0,deepseek_cache,1.4566924000000654,6.979499816894531,outputs\day3_pcas_deepseek\22_high_a_cyberpunk_street_market_glows_at_midnight_with_crowded_food_st.png,False
deepseek_pcas_7_3,23,50_words,50,"A medieval wizard teaches three students inside a crowded library, with glowing books floating above an oak table, candles dripping wax, a raven watching from a shelf, maps pinned to stone walls, and a silver telescope aimed at moonlight through the tall arched window behind a stack of scrolls tonight.",28,5.0,high,0.97,deepseek_cache,1.427358799999638,6.979499816894531,outputs\day3_pcas_deepseek\23_high_a_medieval_wizard_teaches_three_students_inside_a_crowded_librar.png,False
deepseek_pcas_7_3,24,50_words,50,"A busy spaceport spreads beneath an orange sky, where two astronauts repair a rover beside a cargo ship, engineers carry tools, fuel pipes cross the landing pad, warning lights blink, and tourists photograph distant planets from behind glass while security robots guide them toward a silver observation balcony above calmly.",28,5.0,high,0.97,deepseek_cache,1.5163136999999551,6.979499816894531,outputs\day3_pcas_deepseek\24_high_a_busy_spaceport_spreads_beneath_an_orange_sky_where_two_astrona.png,False
deepseek_pcas_7_3,25,50_words,50,"A family picnic fills a sunny park, where a child flies a kite, a dog sleeps beneath the table, balloons drift near a fountain, grandparents pour lemonade, sandwiches sit in baskets, and clouds cast soft shadows across the grass while birds circle above a blanket covered with fresh strawberries nearby.",28,5.0,high,0.97,deepseek_cache,1.4941109999999753,6.979499816894531,outputs\day3_pcas_deepseek\25_high_a_family_picnic_fills_a_sunny_park_where_a_child_flies_a_kite_a_.png,False
deepseek_pcas_7_3,26,50_words,50,"A steampunk workshop contains brass gears, glass tubes, a robot bird, a chalkboard that says PCAS, copper lamps, scattered blueprints, and an inventor tightening a valve while sparks fly from a half built clockwork engine beside shelves packed with lenses springs tools and polished wooden boxes under smoky golden light.",28,5.0,high,1.0,deepseek_cache,1.521354500000598,6.979499816894531,outputs\day3_pcas_deepseek\26_high_a_steampunk_workshop_contains_brass_gears_glass_tubes_a_robot_bi.png,False
deepseek_pcas_7_3,27,50_words,50,"A seaside festival begins at dusk with lanterns, musicians, children dancing, fireworks over the water, fishing boats tied to the pier, vendors selling fruit, and a painter capturing the scene while waves shimmer under purple clouds near a wooden stage covered with flowers ribbons drums and glowing paper stars tonight.",28,5.0,high,0.97,deepseek_cache,1.641150899999957,6.979499816894531,outputs\day3_pcas_deepseek\27_high_a_seaside_festival_begins_at_dusk_with_lanterns_musicians_childr.png,False
deepseek_pcas_7_3,28,50_words,50,"A detective office is cluttered with case files, where a woman studies a city map, a man holds a flashlight, clues cover the wall, rain streaks the window, and a clock points toward midnight as coffee steams beside photographs marked with red thread across a dusty wooden desk quietly tonight.",28,5.0,high,1.0,deepseek_cache,1.6803186999995887,6.979499816894531,outputs\day3_pcas_deepseek\28_high_a_detective_office_is_cluttered_with_case_files_where_a_woman_st.png,False
deepseek_pcas_7_3,29,50_words,50,"A fantasy battle unfolds in heavy rain as a dragon flies above a castle, knights defend a bridge, archers light flaming arrows, horses rear near broken shields, and lightning reveals a wizard casting blue magic while villagers watch from stone windows beside banners torn by wind over the river below.",28,5.0,high,0.97,deepseek_cache,1.4727757999999085,6.979499816894531,outputs\day3_pcas_deepseek\29_high_a_fantasy_battle_unfolds_in_heavy_rain_as_a_dragon_flies_above_a.png,False
deepseek_pcas_7_3,30,50_words,50,"A futuristic classroom shows robots and children building a small rocket, posters spelling SANA on the wall, tablets glowing on desks, a teacher adjusting holographic equations, and tiny drones carrying tools between colorful experiment stations while sunlight enters through wide windows above plants wires gears notebooks and safety helmets neatly.",28,5.0,high,1.0,deepseek_cache,1.39265290000003,6.979499816894531,outputs\day3_pcas_deepseek\30_high_a_futuristic_classroom_shows_robots_and_children_building_a_smal.png,False
