prompt_index,prompt,selected_steps,guidance_scale,seed,height,width,elapsed_seconds,peak_vram_gb,image_path,is_first_prompt,word_count,content_word_count,comma_count,object_count,attribute_count,relation_count,spatial_relation_count,action_count,style_constraint_count,text_rendering_flag,scene_density_score,rare_concept_score,lexical_complexity_score,rule_complexity_score,clip_model_id,clip_cosine,clip_score
1,red apple resting on wooden table under soft studio light,8,4.5,43,512,512,4.0067232999936095,6.979499816894531,outputs\day6_calibration_grid\01_s08_red_apple_resting_on_wooden_table_under_soft_studio_light.png,True,10,8,0,2,3,1,1,0,2,0,0.4166666666666667,0.0,0.1955555555555556,0.2642777777777778,openai/clip-vit-base-patch32,0.32380595803260803,32.3805958032608
1,red apple resting on wooden table under soft studio light,12,4.5,43,512,512,1.5162320999952499,6.979499816894531,outputs\day6_calibration_grid\01_s12_red_apple_resting_on_wooden_table_under_soft_studio_light.png,True,10,8,0,2,3,1,1,0,2,0,0.4166666666666667,0.0,0.1955555555555556,0.2642777777777778,openai/clip-vit-base-patch32,0.32732972502708435,32.732972502708435
1,red apple resting on wooden table under soft studio light,16,4.5,43,512,512,1.7249726000009105,6.979499816894531,outputs\day6_calibration_grid\01_s16_red_apple_resting_on_wooden_table_under_soft_studio_light.png,True,10,8,0,2,3,1,1,0,2,0,0.4166666666666667,0.0,0.1955555555555556,0.2642777777777778,openai/clip-vit-base-patch32,0.32840096950531006,32.840096950531006
1,red apple resting on wooden table under soft studio light,20,4.5,43,512,512,2.0615652999986196,6.979499816894531,outputs\day6_calibration_grid\01_s20_red_apple_resting_on_wooden_table_under_soft_studio_light.png,True,10,8,0,2,3,1,1,0,2,0,0.4166666666666667,0.0,0.1955555555555556,0.2642777777777778,openai/clip-vit-base-patch32,0.3294485807418823,32.94485807418823
1,red apple resting on wooden table under soft studio light,24,4.5,43,512,512,2.4033401000051526,6.979499816894531,outputs\day6_calibration_grid\01_s24_red_apple_resting_on_wooden_table_under_soft_studio_light.png,True,10,8,0,2,3,1,1,0,2,0,0.4166666666666667,0.0,0.1955555555555556,0.2642777777777778,openai/clip-vit-base-patch32,0.32928627729415894,32.928627729415894
1,red apple resting on wooden table under soft studio light,28,4.5,43,512,512,2.713299700000789,6.979499816894531,outputs\day6_calibration_grid\01_s28_red_apple_resting_on_wooden_table_under_soft_studio_light.png,True,10,8,0,2,3,1,1,0,2,0,0.4166666666666667,0.0,0.1955555555555556,0.2642777777777778,openai/clip-vit-base-patch32,0.32952794432640076,32.952794432640076
2,golden retriever sitting on grass beside a white garden ball,8,4.5,44,512,512,0.9640432000014698,6.979499816894531,outputs\day6_calibration_grid\02_s08_golden_retriever_sitting_on_grass_beside_a_white_garden_ball.png,False,10,8,0,2,2,2,1,1,0,0,0.2777777777777778,0.0,0.1955555555555556,0.18788888888888888,openai/clip-vit-base-patch32,0.3746127486228943,37.46127486228943
2,golden retriever sitting on grass beside a white garden ball,12,4.5,44,512,512,1.3501570000007632,6.979499816894531,outputs\day6_calibration_grid\02_s12_golden_retriever_sitting_on_grass_beside_a_white_garden_ball.png,False,10,8,0,2,2,2,1,1,0,0,0.2777777777777778,0.0,0.1955555555555556,0.18788888888888888,openai/clip-vit-base-patch32,0.3735942244529724,37.35942244529724
2,golden retriever sitting on grass beside a white garden ball,16,4.5,44,512,512,1.5844159000043874,6.979499816894531,outputs\day6_calibration_grid\02_s16_golden_retriever_sitting_on_grass_beside_a_white_garden_ball.png,False,10,8,0,2,2,2,1,1,0,0,0.2777777777777778,0.0,0.1955555555555556,0.18788888888888888,openai/clip-vit-base-patch32,0.3759545683860779,37.59545683860779
2,golden retriever sitting on grass beside a white garden ball,20,4.5,44,512,512,1.8161076999967918,6.979499816894531,outputs\day6_calibration_grid\02_s20_golden_retriever_sitting_on_grass_beside_a_white_garden_ball.png,False,10,8,0,2,2,2,1,1,0,0,0.2777777777777778,0.0,0.1955555555555556,0.18788888888888888,openai/clip-vit-base-patch32,0.3724573254585266,37.24573254585266
2,golden retriever sitting on grass beside a white garden ball,24,4.5,44,512,512,2.0395161000051303,6.979499816894531,outputs\day6_calibration_grid\02_s24_golden_retriever_sitting_on_grass_beside_a_white_garden_ball.png,False,10,8,0,2,2,2,1,1,0,0,0.2777777777777778,0.0,0.1955555555555556,0.18788888888888888,openai/clip-vit-base-patch32,0.36935603618621826,36.935603618621826
2,golden retriever sitting on grass beside a white garden ball,28,4.5,44,512,512,2.4267978000061703,6.979499816894531,outputs\day6_calibration_grid\02_s28_golden_retriever_sitting_on_grass_beside_a_white_garden_ball.png,False,10,8,0,2,2,2,1,1,0,0,0.2777777777777778,0.0,0.1955555555555556,0.18788888888888888,openai/clip-vit-base-patch32,0.3727535009384155,37.27535009384155
3,blue sports car parked on empty road at bright noon,8,4.5,45,512,512,0.9864356000034604,6.979499816894531,outputs\day6_calibration_grid\03_s08_blue_sports_car_parked_on_empty_road_at_bright_noon.png,False,10,8,0,2,3,0,0,0,0,0,0.19444444444444445,0.0,0.1955555555555556,0.11705555555555555,openai/clip-vit-base-patch32,0.30499085783958435,30.499085783958435
3,blue sports car parked on empty road at bright noon,12,4.5,45,512,512,1.3150380999941262,6.979499816894531,outputs\day6_calibration_grid\03_s12_blue_sports_car_parked_on_empty_road_at_bright_noon.png,False,10,8,0,2,3,0,0,0,0,0,0.19444444444444445,0.0,0.1955555555555556,0.11705555555555555,openai/clip-vit-base-patch32,0.29910188913345337,29.910188913345337
3,blue sports car parked on empty road at bright noon,16,4.5,45,512,512,1.5158047000004444,6.979499816894531,outputs\day6_calibration_grid\03_s16_blue_sports_car_parked_on_empty_road_at_bright_noon.png,False,10,8,0,2,3,0,0,0,0,0,0.19444444444444445,0.0,0.1955555555555556,0.11705555555555555,openai/clip-vit-base-patch32,0.29506394267082214,29.506394267082214
3,blue sports car parked on empty road at bright noon,20,4.5,45,512,512,1.8941571999966982,6.979499816894531,outputs\day6_calibration_grid\03_s20_blue_sports_car_parked_on_empty_road_at_bright_noon.png,False,10,8,0,2,3,0,0,0,0,0,0.19444444444444445,0.0,0.1955555555555556,0.11705555555555555,openai/clip-vit-base-patch32,0.29935193061828613,29.935193061828613
3,blue sports car parked on empty road at bright noon,24,4.5,45,512,512,2.2928565999973216,6.979499816894531,outputs\day6_calibration_grid\03_s24_blue_sports_car_parked_on_empty_road_at_bright_noon.png,False,10,8,0,2,3,0,0,0,0,0,0.19444444444444445,0.0,0.1955555555555556,0.11705555555555555,openai/clip-vit-base-patch32,0.29953497648239136,29.953497648239136
3,blue sports car parked on empty road at bright noon,28,4.5,45,512,512,2.6205371000032756,6.979499816894531,outputs\day6_calibration_grid\03_s28_blue_sports_car_parked_on_empty_road_at_bright_noon.png,False,10,8,0,2,3,0,0,0,0,0,0.19444444444444445,0.0,0.1955555555555556,0.11705555555555555,openai/clip-vit-base-patch32,0.3004325330257416,30.043253302574158
4,white ceramic mug steaming on kitchen counter near morning window,8,4.5,46,512,512,1.0572127999985241,6.979499816894531,outputs\day6_calibration_grid\04_s08_white_ceramic_mug_steaming_on_kitchen_counter_near_morning_windo.png,False,10,8,0,4,1,1,1,0,0,0,0.3055555555555556,0.0,0.1955555555555556,0.16983333333333334,openai/clip-vit-base-patch32,0.3445635437965393,34.45635437965393
4,white ceramic mug steaming on kitchen counter near morning window,12,4.5,46,512,512,1.330354499994428,6.979499816894531,outputs\day6_calibration_grid\04_s12_white_ceramic_mug_steaming_on_kitchen_counter_near_morning_windo.png,False,10,8,0,4,1,1,1,0,0,0,0.3055555555555556,0.0,0.1955555555555556,0.16983333333333334,openai/clip-vit-base-patch32,0.3468782901763916,34.68782901763916
4,white ceramic mug steaming on kitchen counter near morning window,16,4.5,46,512,512,1.6486433999962173,6.979499816894531,outputs\day6_calibration_grid\04_s16_white_ceramic_mug_steaming_on_kitchen_counter_near_morning_windo.png,False,10,8,0,4,1,1,1,0,0,0,0.3055555555555556,0.0,0.1955555555555556,0.16983333333333334,openai/clip-vit-base-patch32,0.36020272970199585,36.020272970199585
4,white ceramic mug steaming on kitchen counter near morning window,20,4.5,46,512,512,1.9096502000029432,6.979499816894531,outputs\day6_calibration_grid\04_s20_white_ceramic_mug_steaming_on_kitchen_counter_near_morning_windo.png,False,10,8,0,4,1,1,1,0,0,0,0.3055555555555556,0.0,0.1955555555555556,0.16983333333333334,openai/clip-vit-base-patch32,0.35949692130088806,35.949692130088806
4,white ceramic mug steaming on kitchen counter near morning window,24,4.5,46,512,512,2.2590483000021777,6.979499816894531,outputs\day6_calibration_grid\04_s24_white_ceramic_mug_steaming_on_kitchen_counter_near_morning_windo.png,False,10,8,0,4,1,1,1,0,0,0,0.3055555555555556,0.0,0.1955555555555556,0.16983333333333334,openai/clip-vit-base-patch32,0.3602510690689087,36.02510690689087
4,white ceramic mug steaming on kitchen counter near morning window,28,4.5,46,512,512,2.538292500001262,6.979499816894531,outputs\day6_calibration_grid\04_s28_white_ceramic_mug_steaming_on_kitchen_counter_near_morning_windo.png,False,10,8,0,4,1,1,1,0,0,0,0.3055555555555556,0.0,0.1955555555555556,0.16983333333333334,openai/clip-vit-base-patch32,0.36134323477745056,36.134323477745056
5,sunflower standing in clear glass vase beside folded linen napkin,8,4.5,47,512,512,1.0546934999947553,6.979499816894531,outputs\day6_calibration_grid\05_s08_sunflower_standing_in_clear_glass_vase_beside_folded_linen_napki.png,False,10,9,0,2,3,1,1,0,0,0,0.25,0.0,0.20000000000000004,0.1575,openai/clip-vit-base-patch32,0.37694743275642395,37.694743275642395
5,sunflower standing in clear glass vase beside folded linen napkin,12,4.5,47,512,512,1.3540376000019023,6.979499816894531,outputs\day6_calibration_grid\05_s12_sunflower_standing_in_clear_glass_vase_beside_folded_linen_napki.png,False,10,9,0,2,3,1,1,0,0,0,0.25,0.0,0.20000000000000004,0.1575,openai/clip-vit-base-patch32,0.3717060685157776,37.17060685157776
5,sunflower standing in clear glass vase beside folded linen napkin,16,4.5,47,512,512,1.7670789999974659,6.979499816894531,outputs\day6_calibration_grid\05_s16_sunflower_standing_in_clear_glass_vase_beside_folded_linen_napki.png,False,10,9,0,2,3,1,1,0,0,0,0.25,0.0,0.20000000000000004,0.1575,openai/clip-vit-base-patch32,0.3605312705039978,36.05312705039978
5,sunflower standing in clear glass vase beside folded linen napkin,20,4.5,47,512,512,1.9697532999998657,6.979499816894531,outputs\day6_calibration_grid\05_s20_sunflower_standing_in_clear_glass_vase_beside_folded_linen_napki.png,False,10,9,0,2,3,1,1,0,0,0,0.25,0.0,0.20000000000000004,0.1575,openai/clip-vit-base-patch32,0.3649657964706421,36.49657964706421
5,sunflower standing in clear glass vase beside folded linen napkin,24,4.5,47,512,512,2.2325471000003745,6.979499816894531,outputs\day6_calibration_grid\05_s24_sunflower_standing_in_clear_glass_vase_beside_folded_linen_napki.png,False,10,9,0,2,3,1,1,0,0,0,0.25,0.0,0.20000000000000004,0.1575,openai/clip-vit-base-patch32,0.36405158042907715,36.405158042907715
5,sunflower standing in clear glass vase beside folded linen napkin,28,4.5,47,512,512,2.5317600999987917,6.979499816894531,outputs\day6_calibration_grid\05_s28_sunflower_standing_in_clear_glass_vase_beside_folded_linen_napki.png,False,10,9,0,2,3,1,1,0,0,0,0.25,0.0,0.20000000000000004,0.1575,openai/clip-vit-base-patch32,0.3665505051612854,36.65505051612854
6,black bicycle leaning against brick wall after summer rain quietly,8,4.5,48,512,512,1.1114186999984668,6.979499816894531,outputs\day6_calibration_grid\06_s08_black_bicycle_leaning_against_brick_wall_after_summer_rain_quiet.png,False,10,10,0,3,1,1,0,1,0,0,0.25,0.0,0.20444444444444448,0.15905555555555556,openai/clip-vit-base-patch32,0.32889166474342346,32.889166474342346
6,black bicycle leaning against brick wall after summer rain quietly,12,4.5,48,512,512,1.3415462999982992,6.979499816894531,outputs\day6_calibration_grid\06_s12_black_bicycle_leaning_against_brick_wall_after_summer_rain_quiet.png,False,10,10,0,3,1,1,0,1,0,0,0.25,0.0,0.20444444444444448,0.15905555555555556,openai/clip-vit-base-patch32,0.3198111057281494,31.98111057281494
6,black bicycle leaning against brick wall after summer rain quietly,16,4.5,48,512,512,1.7524869999979273,6.979499816894531,outputs\day6_calibration_grid\06_s16_black_bicycle_leaning_against_brick_wall_after_summer_rain_quiet.png,False,10,10,0,3,1,1,0,1,0,0,0.25,0.0,0.20444444444444448,0.15905555555555556,openai/clip-vit-base-patch32,0.31969374418258667,31.969374418258667
6,black bicycle leaning against brick wall after summer rain quietly,20,4.5,48,512,512,1.9423482999991393,6.979499816894531,outputs\day6_calibration_grid\06_s20_black_bicycle_leaning_against_brick_wall_after_summer_rain_quiet.png,False,10,10,0,3,1,1,0,1,0,0,0.25,0.0,0.20444444444444448,0.15905555555555556,openai/clip-vit-base-patch32,0.3188818097114563,31.88818097114563
6,black bicycle leaning against brick wall after summer rain quietly,24,4.5,48,512,512,2.320649900000717,6.979499816894531,outputs\day6_calibration_grid\06_s24_black_bicycle_leaning_against_brick_wall_after_summer_rain_quiet.png,False,10,10,0,3,1,1,0,1,0,0,0.25,0.0,0.20444444444444448,0.15905555555555556,openai/clip-vit-base-patch32,0.3223320245742798,32.23320245742798
6,black bicycle leaning against brick wall after summer rain quietly,28,4.5,48,512,512,2.5587758000037866,6.979499816894531,outputs\day6_calibration_grid\06_s28_black_bicycle_leaning_against_brick_wall_after_summer_rain_quiet.png,False,10,10,0,3,1,1,0,1,0,0,0.25,0.0,0.20444444444444448,0.15905555555555556,openai/clip-vit-base-patch32,0.3210967779159546,32.10967779159546
7,chocolate cake slice on porcelain plate with silver fork nearby,8,4.5,49,512,512,1.0104447999983677,6.979499816894531,outputs\day6_calibration_grid\07_s08_chocolate_cake_slice_on_porcelain_plate_with_silver_fork_nearby.png,False,10,8,0,2,1,0,0,0,0,0,0.1388888888888889,0.0,0.1955555555555556,0.10316666666666667,openai/clip-vit-base-patch32,0.32228466868400574,32.228466868400574
7,chocolate cake slice on porcelain plate with silver fork nearby,12,4.5,49,512,512,1.3632928999941214,6.979499816894531,outputs\day6_calibration_grid\07_s12_chocolate_cake_slice_on_porcelain_plate_with_silver_fork_nearby.png,False,10,8,0,2,1,0,0,0,0,0,0.1388888888888889,0.0,0.1955555555555556,0.10316666666666667,openai/clip-vit-base-patch32,0.3185882568359375,31.85882568359375
7,chocolate cake slice on porcelain plate with silver fork nearby,16,4.5,49,512,512,1.4795671999963815,6.979499816894531,outputs\day6_calibration_grid\07_s16_chocolate_cake_slice_on_porcelain_plate_with_silver_fork_nearby.png,False,10,8,0,2,1,0,0,0,0,0,0.1388888888888889,0.0,0.1955555555555556,0.10316666666666667,openai/clip-vit-base-patch32,0.32562366127967834,32.562366127967834
7,chocolate cake slice on porcelain plate with silver fork nearby,20,4.5,49,512,512,1.9566333000038867,6.979499816894531,outputs\day6_calibration_grid\07_s20_chocolate_cake_slice_on_porcelain_plate_with_silver_fork_nearby.png,False,10,8,0,2,1,0,0,0,0,0,0.1388888888888889,0.0,0.1955555555555556,0.10316666666666667,openai/clip-vit-base-patch32,0.3128839433193207,31.288394331932068
7,chocolate cake slice on porcelain plate with silver fork nearby,24,4.5,49,512,512,2.174722200004908,6.979499816894531,outputs\day6_calibration_grid\07_s24_chocolate_cake_slice_on_porcelain_plate_with_silver_fork_nearby.png,False,10,8,0,2,1,0,0,0,0,0,0.1388888888888889,0.0,0.1955555555555556,0.10316666666666667,openai/clip-vit-base-patch32,0.31550151109695435,31.550151109695435
7,chocolate cake slice on porcelain plate with silver fork nearby,28,4.5,49,512,512,2.602729800004454,6.979499816894531,outputs\day6_calibration_grid\07_s28_chocolate_cake_slice_on_porcelain_plate_with_silver_fork_nearby.png,False,10,8,0,2,1,0,0,0,0,0,0.1388888888888889,0.0,0.1955555555555556,0.10316666666666667,openai/clip-vit-base-patch32,0.3156621754169464,31.56621754169464
8,green backpack hanging from classroom chair under fluorescent lights quietly,8,4.5,50,512,512,1.1877534999948693,6.979499816894531,outputs\day6_calibration_grid\08_s08_green_backpack_hanging_from_classroom_chair_under_fluorescent_li.png,False,10,8,0,3,1,2,1,1,0,0,0.3055555555555556,0.125,0.1955555555555556,0.20108333333333334,openai/clip-vit-base-patch32,0.3433429002761841,34.33429002761841
8,green backpack hanging from classroom chair under fluorescent lights quietly,12,4.5,50,512,512,1.3502901000028942,6.979499816894531,outputs\day6_calibration_grid\08_s12_green_backpack_hanging_from_classroom_chair_under_fluorescent_li.png,False,10,8,0,3,1,2,1,1,0,0,0.3055555555555556,0.125,0.1955555555555556,0.20108333333333334,openai/clip-vit-base-patch32,0.3770328760147095,37.70328760147095
8,green backpack hanging from classroom chair under fluorescent lights quietly,16,4.5,50,512,512,1.742846000001009,6.979499816894531,outputs\day6_calibration_grid\08_s16_green_backpack_hanging_from_classroom_chair_under_fluorescent_li.png,False,10,8,0,3,1,2,1,1,0,0,0.3055555555555556,0.125,0.1955555555555556,0.20108333333333334,openai/clip-vit-base-patch32,0.3831065893173218,38.31065893173218
8,green backpack hanging from classroom chair under fluorescent lights quietly,20,4.5,50,512,512,2.41159830000106,6.979499816894531,outputs\day6_calibration_grid\08_s20_green_backpack_hanging_from_classroom_chair_under_fluorescent_li.png,False,10,8,0,3,1,2,1,1,0,0,0.3055555555555556,0.125,0.1955555555555556,0.20108333333333334,openai/clip-vit-base-patch32,0.381231427192688,38.1231427192688
8,green backpack hanging from classroom chair under fluorescent lights quietly,24,4.5,50,512,512,2.175682000000961,6.979499816894531,outputs\day6_calibration_grid\08_s24_green_backpack_hanging_from_classroom_chair_under_fluorescent_li.png,False,10,8,0,3,1,2,1,1,0,0,0.3055555555555556,0.125,0.1955555555555556,0.20108333333333334,openai/clip-vit-base-patch32,0.3825550675392151,38.25550675392151
8,green backpack hanging from classroom chair under fluorescent lights quietly,28,4.5,50,512,512,2.3421270999970147,6.979499816894531,outputs\day6_calibration_grid\08_s28_green_backpack_hanging_from_classroom_chair_under_fluorescent_li.png,False,10,8,0,3,1,2,1,1,0,0,0.3055555555555556,0.125,0.1955555555555556,0.20108333333333334,openai/clip-vit-base-patch32,0.3846374750137329,38.46374750137329
9,white sailboat drifting across calm lake during golden sunset alone,8,4.5,51,512,512,0.7215562999990652,6.979499816894531,outputs\day6_calibration_grid\09_s08_white_sailboat_drifting_across_calm_lake_during_golden_sunset_al.png,False,10,10,0,2,3,2,1,1,0,0,0.3055555555555556,0.0,0.20444444444444448,0.19794444444444445,openai/clip-vit-base-patch32,0.3517688512802124,35.17688512802124
9,white sailboat drifting across calm lake during golden sunset alone,12,4.5,51,512,512,0.7882712999999058,6.979499816894531,outputs\day6_calibration_grid\09_s12_white_sailboat_drifting_across_calm_lake_during_golden_sunset_al.png,False,10,10,0,2,3,2,1,1,0,0,0.3055555555555556,0.0,0.20444444444444448,0.19794444444444445,openai/clip-vit-base-patch32,0.34408897161483765,34.408897161483765
9,white sailboat drifting across calm lake during golden sunset alone,16,4.5,51,512,512,0.9271257000000332,6.979499816894531,outputs\day6_calibration_grid\09_s16_white_sailboat_drifting_across_calm_lake_during_golden_sunset_al.png,False,10,10,0,2,3,2,1,1,0,0,0.3055555555555556,0.0,0.20444444444444448,0.19794444444444445,openai/clip-vit-base-patch32,0.3435342013835907,34.35342013835907
9,white sailboat drifting across calm lake during golden sunset alone,20,4.5,51,512,512,1.140996999994968,6.979499816894531,outputs\day6_calibration_grid\09_s20_white_sailboat_drifting_across_calm_lake_during_golden_sunset_al.png,False,10,10,0,2,3,2,1,1,0,0,0.3055555555555556,0.0,0.20444444444444448,0.19794444444444445,openai/clip-vit-base-patch32,0.3444634974002838,34.44634974002838
9,white sailboat drifting across calm lake during golden sunset alone,24,4.5,51,512,512,1.3087127000035252,6.979499816894531,outputs\day6_calibration_grid\09_s24_white_sailboat_drifting_across_calm_lake_during_golden_sunset_al.png,False,10,10,0,2,3,2,1,1,0,0,0.3055555555555556,0.0,0.20444444444444448,0.19794444444444445,openai/clip-vit-base-patch32,0.34317293763160706,34.317293763160706
9,white sailboat drifting across calm lake during golden sunset alone,28,4.5,51,512,512,1.497025600001507,6.979499816894531,outputs\day6_calibration_grid\09_s28_white_sailboat_drifting_across_calm_lake_during_golden_sunset_al.png,False,10,10,0,2,3,2,1,1,0,0,0.3055555555555556,0.0,0.20444444444444448,0.19794444444444445,openai/clip-vit-base-patch32,0.3431285619735718,34.31285619735718
10,red sneakers placed on concrete floor beside gym lockers neatly,8,4.5,52,512,512,0.6228429999973741,6.979499816894531,outputs\day6_calibration_grid\10_s08_red_sneakers_placed_on_concrete_floor_beside_gym_lockers_neatly.png,False,10,9,0,2,1,1,1,0,0,0,0.19444444444444445,0.0,0.20000000000000004,0.1436111111111111,openai/clip-vit-base-patch32,0.33623361587524414,33.623361587524414
10,red sneakers placed on concrete floor beside gym lockers neatly,12,4.5,52,512,512,0.7824466999954893,6.979499816894531,outputs\day6_calibration_grid\10_s12_red_sneakers_placed_on_concrete_floor_beside_gym_lockers_neatly.png,False,10,9,0,2,1,1,1,0,0,0,0.19444444444444445,0.0,0.20000000000000004,0.1436111111111111,openai/clip-vit-base-patch32,0.34335601329803467,34.33560132980347
10,red sneakers placed on concrete floor beside gym lockers neatly,16,4.5,52,512,512,1.794404599997506,6.979499816894531,outputs\day6_calibration_grid\10_s16_red_sneakers_placed_on_concrete_floor_beside_gym_lockers_neatly.png,False,10,9,0,2,1,1,1,0,0,0,0.19444444444444445,0.0,0.20000000000000004,0.1436111111111111,openai/clip-vit-base-patch32,0.3486570715904236,34.86570715904236
10,red sneakers placed on concrete floor beside gym lockers neatly,20,4.5,52,512,512,3.119211600002018,6.979499816894531,outputs\day6_calibration_grid\10_s20_red_sneakers_placed_on_concrete_floor_beside_gym_lockers_neatly.png,False,10,9,0,2,1,1,1,0,0,0,0.19444444444444445,0.0,0.20000000000000004,0.1436111111111111,openai/clip-vit-base-patch32,0.3504387438297272,35.04387438297272
10,red sneakers placed on concrete floor beside gym lockers neatly,24,4.5,52,512,512,1.4330678000042099,6.979499816894531,outputs\day6_calibration_grid\10_s24_red_sneakers_placed_on_concrete_floor_beside_gym_lockers_neatly.png,False,10,9,0,2,1,1,1,0,0,0,0.19444444444444445,0.0,0.20000000000000004,0.1436111111111111,openai/clip-vit-base-patch32,0.34938305616378784,34.938305616378784
10,red sneakers placed on concrete floor beside gym lockers neatly,28,4.5,52,512,512,1.656355799997982,6.979499816894531,outputs\day6_calibration_grid\10_s28_red_sneakers_placed_on_concrete_floor_beside_gym_lockers_neatly.png,False,10,9,0,2,1,1,1,0,0,0,0.19444444444444445,0.0,0.20000000000000004,0.1436111111111111,openai/clip-vit-base-patch32,0.3492427170276642,34.92427170276642
11,"A robot chef cooks pasta in a modern kitchen, steam rising from the pan, stainless tools hanging nearby, warm cinematic lighting, and a curious child watching from the doorway quietly.",8,4.5,53,512,512,0.6030973000015365,6.979499816894531,outputs\day6_calibration_grid\11_s08_a_robot_chef_cooks_pasta_in_a_modern_kitchen_steam_rising_from_t.png,False,30,21,4,3,3,4,0,4,1,0,0.5555555555555556,0.0,0.5733333333333334,0.47288888888888886,openai/clip-vit-base-patch32,0.40530937910079956,40.530937910079956
11,"A robot chef cooks pasta in a modern kitchen, steam rising from the pan, stainless tools hanging nearby, warm cinematic lighting, and a curious child watching from the doorway quietly.",12,4.5,53,512,512,0.791195499994501,6.979499816894531,outputs\day6_calibration_grid\11_s12_a_robot_chef_cooks_pasta_in_a_modern_kitchen_steam_rising_from_t.png,False,30,21,4,3,3,4,0,4,1,0,0.5555555555555556,0.0,0.5733333333333334,0.47288888888888886,openai/clip-vit-base-patch32,0.3970909118652344,39.70909118652344
11,"A robot chef cooks pasta in a modern kitchen, steam rising from the pan, stainless tools hanging nearby, warm cinematic lighting, and a curious child watching from the doorway quietly.",16,4.5,53,512,512,0.9715620000060881,6.979499816894531,outputs\day6_calibration_grid\11_s16_a_robot_chef_cooks_pasta_in_a_modern_kitchen_steam_rising_from_t.png,False,30,21,4,3,3,4,0,4,1,0,0.5555555555555556,0.0,0.5733333333333334,0.47288888888888886,openai/clip-vit-base-patch32,0.3985994756221771,39.85994756221771
11,"A robot chef cooks pasta in a modern kitchen, steam rising from the pan, stainless tools hanging nearby, warm cinematic lighting, and a curious child watching from the doorway quietly.",20,4.5,53,512,512,3.5475947999948403,6.979499816894531,outputs\day6_calibration_grid\11_s20_a_robot_chef_cooks_pasta_in_a_modern_kitchen_steam_rising_from_t.png,False,30,21,4,3,3,4,0,4,1,0,0.5555555555555556,0.0,0.5733333333333334,0.47288888888888886,openai/clip-vit-base-patch32,0.39259523153305054,39.259523153305054
11,"A robot chef cooks pasta in a modern kitchen, steam rising from the pan, stainless tools hanging nearby, warm cinematic lighting, and a curious child watching from the doorway quietly.",24,4.5,53,512,512,1.5595790000006673,6.979499816894531,outputs\day6_calibration_grid\11_s24_a_robot_chef_cooks_pasta_in_a_modern_kitchen_steam_rising_from_t.png,False,30,21,4,3,3,4,0,4,1,0,0.5555555555555556,0.0,0.5733333333333334,0.47288888888888886,openai/clip-vit-base-patch32,0.3928857445716858,39.28857445716858
11,"A robot chef cooks pasta in a modern kitchen, steam rising from the pan, stainless tools hanging nearby, warm cinematic lighting, and a curious child watching from the doorway quietly.",28,4.5,53,512,512,1.434128699998837,6.979499816894531,outputs\day6_calibration_grid\11_s28_a_robot_chef_cooks_pasta_in_a_modern_kitchen_steam_rising_from_t.png,False,30,21,4,3,3,4,0,4,1,0,0.5555555555555556,0.0,0.5733333333333334,0.47288888888888886,openai/clip-vit-base-patch32,0.39036303758621216,39.036303758621216
12,"A cozy bedroom glows with warm sunset light through a large window, with folded blankets, potted plants, framed photos, and a small desk ready for reading beside tea and pencils.",8,4.5,54,512,512,0.5454733000005945,6.979499816894531,outputs\day6_calibration_grid\12_s08_a_cozy_bedroom_glows_with_warm_sunset_light_through_a_large_wind.png,False,30,21,4,2,4,2,1,1,0,0,0.3333333333333333,0.0,0.5733333333333334,0.33399999999999996,openai/clip-vit-base-patch32,0.38065046072006226,38.065046072006226
12,"A cozy bedroom glows with warm sunset light through a large window, with folded blankets, potted plants, framed photos, and a small desk ready for reading beside tea and pencils.",12,4.5,54,512,512,0.7244953999979771,6.979499816894531,outputs\day6_calibration_grid\12_s12_a_cozy_bedroom_glows_with_warm_sunset_light_through_a_large_wind.png,False,30,21,4,2,4,2,1,1,0,0,0.3333333333333333,0.0,0.5733333333333334,0.33399999999999996,openai/clip-vit-base-patch32,0.3931732773780823,39.31732773780823
12,"A cozy bedroom glows with warm sunset light through a large window, with folded blankets, potted plants, framed photos, and a small desk ready for reading beside tea and pencils.",16,4.5,54,512,512,0.917492399996263,6.979499816894531,outputs\day6_calibration_grid\12_s16_a_cozy_bedroom_glows_with_warm_sunset_light_through_a_large_wind.png,False,30,21,4,2,4,2,1,1,0,0,0.3333333333333333,0.0,0.5733333333333334,0.33399999999999996,openai/clip-vit-base-patch32,0.3943970203399658,39.43970203399658
12,"A cozy bedroom glows with warm sunset light through a large window, with folded blankets, potted plants, framed photos, and a small desk ready for reading beside tea and pencils.",20,4.5,54,512,512,1.148482700002205,6.979499816894531,outputs\day6_calibration_grid\12_s20_a_cozy_bedroom_glows_with_warm_sunset_light_through_a_large_wind.png,False,30,21,4,2,4,2,1,1,0,0,0.3333333333333333,0.0,0.5733333333333334,0.33399999999999996,openai/clip-vit-base-patch32,0.392966628074646,39.2966628074646
12,"A cozy bedroom glows with warm sunset light through a large window, with folded blankets, potted plants, framed photos, and a small desk ready for reading beside tea and pencils.",24,4.5,54,512,512,1.2567969000010635,6.979499816894531,outputs\day6_calibration_grid\12_s24_a_cozy_bedroom_glows_with_warm_sunset_light_through_a_large_wind.png,False,30,21,4,2,4,2,1,1,0,0,0.3333333333333333,0.0,0.5733333333333334,0.33399999999999996,openai/clip-vit-base-patch32,0.39070695638656616,39.070695638656616
12,"A cozy bedroom glows with warm sunset light through a large window, with folded blankets, potted plants, framed photos, and a small desk ready for reading beside tea and pencils.",28,4.5,54,512,512,2.9636737999971956,6.979499816894531,outputs\day6_calibration_grid\12_s28_a_cozy_bedroom_glows_with_warm_sunset_light_through_a_large_wind.png,False,30,21,4,2,4,2,1,1,0,0,0.3333333333333333,0.0,0.5733333333333334,0.33399999999999996,openai/clip-vit-base-patch32,0.3890652060508728,38.90652060508728
13,"A futuristic train station has glass walls, hovering signs, morning sunlight, travelers waiting on silver benches, and a sleek maglev train arriving beside platform seven with soft blue interior lights.",8,4.5,55,512,512,0.5526822000028915,6.979499816894531,outputs\day6_calibration_grid\13_s08_a_futuristic_train_station_has_glass_walls_hovering_signs_mornin.png,False,30,24,4,2,5,4,1,3,0,0,0.4722222222222222,0.25,0.5822222222222222,0.4343333333333333,openai/clip-vit-base-patch32,0.33495813608169556,33.495813608169556
13,"A futuristic train station has glass walls, hovering signs, morning sunlight, travelers waiting on silver benches, and a sleek maglev train arriving beside platform seven with soft blue interior lights.",12,4.5,55,512,512,0.7194938999964506,6.979499816894531,outputs\day6_calibration_grid\13_s12_a_futuristic_train_station_has_glass_walls_hovering_signs_mornin.png,False,30,24,4,2,5,4,1,3,0,0,0.4722222222222222,0.25,0.5822222222222222,0.4343333333333333,openai/clip-vit-base-patch32,0.3282358646392822,32.82358646392822
13,"A futuristic train station has glass walls, hovering signs, morning sunlight, travelers waiting on silver benches, and a sleek maglev train arriving beside platform seven with soft blue interior lights.",16,4.5,55,512,512,0.8946546000006492,6.979499816894531,outputs\day6_calibration_grid\13_s16_a_futuristic_train_station_has_glass_walls_hovering_signs_mornin.png,False,30,24,4,2,5,4,1,3,0,0,0.4722222222222222,0.25,0.5822222222222222,0.4343333333333333,openai/clip-vit-base-patch32,0.32255643606185913,32.25564360618591
13,"A futuristic train station has glass walls, hovering signs, morning sunlight, travelers waiting on silver benches, and a sleek maglev train arriving beside platform seven with soft blue interior lights.",20,4.5,55,512,512,1.048433500000101,6.979499816894531,outputs\day6_calibration_grid\13_s20_a_futuristic_train_station_has_glass_walls_hovering_signs_mornin.png,False,30,24,4,2,5,4,1,3,0,0,0.4722222222222222,0.25,0.5822222222222222,0.4343333333333333,openai/clip-vit-base-patch32,0.3191719055175781,31.917190551757812
13,"A futuristic train station has glass walls, hovering signs, morning sunlight, travelers waiting on silver benches, and a sleek maglev train arriving beside platform seven with soft blue interior lights.",24,4.5,55,512,512,1.3649313999994774,6.979499816894531,outputs\day6_calibration_grid\13_s24_a_futuristic_train_station_has_glass_walls_hovering_signs_mornin.png,False,30,24,4,2,5,4,1,3,0,0,0.4722222222222222,0.25,0.5822222222222222,0.4343333333333333,openai/clip-vit-base-patch32,0.32170572876930237,32.17057287693024
13,"A futuristic train station has glass walls, hovering signs, morning sunlight, travelers waiting on silver benches, and a sleek maglev train arriving beside platform seven with soft blue interior lights.",28,4.5,55,512,512,1.6011014999967301,6.979499816894531,outputs\day6_calibration_grid\13_s28_a_futuristic_train_station_has_glass_walls_hovering_signs_mornin.png,False,30,24,4,2,5,4,1,3,0,0,0.4722222222222222,0.25,0.5822222222222222,0.4343333333333333,openai/clip-vit-base-patch32,0.3214269280433655,32.14269280433655
14,"A young astronaut plants a flag on a colorful alien planet, while crystal rocks, purple grass, two moons, and a tiny rover fill the background under pale green evening clouds.",8,4.5,56,512,512,0.543645400000969,6.979499816894531,outputs\day6_calibration_grid\14_s08_a_young_astronaut_plants_a_flag_on_a_colorful_alien_planet_while.png,False,30,21,4,4,5,1,1,0,0,0,0.4166666666666667,0.5,0.5733333333333334,0.3548333333333334,openai/clip-vit-base-patch32,0.3857067823410034,38.57067823410034
14,"A young astronaut plants a flag on a colorful alien planet, while crystal rocks, purple grass, two moons, and a tiny rover fill the background under pale green evening clouds.",12,4.5,56,512,512,0.7170934000023408,6.979499816894531,outputs\day6_calibration_grid\14_s12_a_young_astronaut_plants_a_flag_on_a_colorful_alien_planet_while.png,False,30,21,4,4,5,1,1,0,0,0,0.4166666666666667,0.5,0.5733333333333334,0.3548333333333334,openai/clip-vit-base-patch32,0.37625330686569214,37.625330686569214
14,"A young astronaut plants a flag on a colorful alien planet, while crystal rocks, purple grass, two moons, and a tiny rover fill the background under pale green evening clouds.",16,4.5,56,512,512,0.8673167000015383,6.979499816894531,outputs\day6_calibration_grid\14_s16_a_young_astronaut_plants_a_flag_on_a_colorful_alien_planet_while.png,False,30,21,4,4,5,1,1,0,0,0,0.4166666666666667,0.5,0.5733333333333334,0.3548333333333334,openai/clip-vit-base-patch32,0.3764861822128296,37.64861822128296
14,"A young astronaut plants a flag on a colorful alien planet, while crystal rocks, purple grass, two moons, and a tiny rover fill the background under pale green evening clouds.",20,4.5,56,512,512,1.1037532999980613,6.979499816894531,outputs\day6_calibration_grid\14_s20_a_young_astronaut_plants_a_flag_on_a_colorful_alien_planet_while.png,False,30,21,4,4,5,1,1,0,0,0,0.4166666666666667,0.5,0.5733333333333334,0.3548333333333334,openai/clip-vit-base-patch32,0.37640994787216187,37.64099478721619
14,"A young astronaut plants a flag on a colorful alien planet, while crystal rocks, purple grass, two moons, and a tiny rover fill the background under pale green evening clouds.",24,4.5,56,512,512,1.355483399995137,6.979499816894531,outputs\day6_calibration_grid\14_s24_a_young_astronaut_plants_a_flag_on_a_colorful_alien_planet_while.png,False,30,21,4,4,5,1,1,0,0,0,0.4166666666666667,0.5,0.5733333333333334,0.3548333333333334,openai/clip-vit-base-patch32,0.37739986181259155,37.739986181259155
14,"A young astronaut plants a flag on a colorful alien planet, while crystal rocks, purple grass, two moons, and a tiny rover fill the background under pale green evening clouds.",28,4.5,56,512,512,1.7488058999952045,6.979499816894531,outputs\day6_calibration_grid\14_s28_a_young_astronaut_plants_a_flag_on_a_colorful_alien_planet_while.png,False,30,21,4,4,5,1,1,0,0,0,0.4166666666666667,0.5,0.5733333333333334,0.3548333333333334,openai/clip-vit-base-patch32,0.376192569732666,37.6192569732666
15,"A vintage camera rests on a wooden desk surrounded by travel postcards, brass coins, a notebook, warm lamplight, and an open map of Europe beside a half packed canvas bag.",8,4.5,57,512,512,1.0648351999989245,6.979499816894531,outputs\day6_calibration_grid\15_s08_a_vintage_camera_rests_on_a_wooden_desk_surrounded_by_travel_pos.png,False,30,21,4,5,4,1,1,0,0,0,0.4444444444444444,0.0,0.5733333333333334,0.3367777777777778,openai/clip-vit-base-patch32,0.36469918489456177,36.46991848945618
15,"A vintage camera rests on a wooden desk surrounded by travel postcards, brass coins, a notebook, warm lamplight, and an open map of Europe beside a half packed canvas bag.",12,4.5,57,512,512,1.3625618000005488,6.979499816894531,outputs\day6_calibration_grid\15_s12_a_vintage_camera_rests_on_a_wooden_desk_surrounded_by_travel_pos.png,False,30,21,4,5,4,1,1,0,0,0,0.4444444444444444,0.0,0.5733333333333334,0.3367777777777778,openai/clip-vit-base-patch32,0.3694629669189453,36.94629669189453
15,"A vintage camera rests on a wooden desk surrounded by travel postcards, brass coins, a notebook, warm lamplight, and an open map of Europe beside a half packed canvas bag.",16,4.5,57,512,512,1.8011023999933968,6.979499816894531,outputs\day6_calibration_grid\15_s16_a_vintage_camera_rests_on_a_wooden_desk_surrounded_by_travel_pos.png,False,30,21,4,5,4,1,1,0,0,0,0.4444444444444444,0.0,0.5733333333333334,0.3367777777777778,openai/clip-vit-base-patch32,0.3799784183502197,37.99784183502197
15,"A vintage camera rests on a wooden desk surrounded by travel postcards, brass coins, a notebook, warm lamplight, and an open map of Europe beside a half packed canvas bag.",20,4.5,57,512,512,2.333714799999143,6.979499816894531,outputs\day6_calibration_grid\15_s20_a_vintage_camera_rests_on_a_wooden_desk_surrounded_by_travel_pos.png,False,30,21,4,5,4,1,1,0,0,0,0.4444444444444444,0.0,0.5733333333333334,0.3367777777777778,openai/clip-vit-base-patch32,0.37610936164855957,37.61093616485596
15,"A vintage camera rests on a wooden desk surrounded by travel postcards, brass coins, a notebook, warm lamplight, and an open map of Europe beside a half packed canvas bag.",24,4.5,57,512,512,2.794007299999066,6.979499816894531,outputs\day6_calibration_grid\15_s24_a_vintage_camera_rests_on_a_wooden_desk_surrounded_by_travel_pos.png,False,30,21,4,5,4,1,1,0,0,0,0.4444444444444444,0.0,0.5733333333333334,0.3367777777777778,openai/clip-vit-base-patch32,0.3787077069282532,37.87077069282532
15,"A vintage camera rests on a wooden desk surrounded by travel postcards, brass coins, a notebook, warm lamplight, and an open map of Europe beside a half packed canvas bag.",28,4.5,57,512,512,2.528226199996425,6.979499816894531,outputs\day6_calibration_grid\15_s28_a_vintage_camera_rests_on_a_wooden_desk_surrounded_by_travel_pos.png,False,30,21,4,5,4,1,1,0,0,0,0.4444444444444444,0.0,0.5733333333333334,0.3367777777777778,openai/clip-vit-base-patch32,0.3769906759262085,37.69906759262085
16,"A small cafe corner holds leafy plants, stacked books, a blue armchair, soft afternoon light, and a steaming cup of coffee beside a handwritten menu on the narrow wooden table.",8,4.5,58,512,512,1.018745699999272,6.979499816894531,outputs\day6_calibration_grid\16_s08_a_small_cafe_corner_holds_leafy_plants_stacked_books_a_blue_armc.png,False,30,22,4,3,7,2,1,1,0,0,0.4722222222222222,0.125,0.5777777777777777,0.37652777777777774,openai/clip-vit-base-patch32,0.39123475551605225,39.123475551605225
16,"A small cafe corner holds leafy plants, stacked books, a blue armchair, soft afternoon light, and a steaming cup of coffee beside a handwritten menu on the narrow wooden table.",12,4.5,58,512,512,1.5202788000024157,6.979499816894531,outputs\day6_calibration_grid\16_s12_a_small_cafe_corner_holds_leafy_plants_stacked_books_a_blue_armc.png,False,30,22,4,3,7,2,1,1,0,0,0.4722222222222222,0.125,0.5777777777777777,0.37652777777777774,openai/clip-vit-base-patch32,0.39242276549339294,39.242276549339294
16,"A small cafe corner holds leafy plants, stacked books, a blue armchair, soft afternoon light, and a steaming cup of coffee beside a handwritten menu on the narrow wooden table.",16,4.5,58,512,512,1.9779141000035452,6.979499816894531,outputs\day6_calibration_grid\16_s16_a_small_cafe_corner_holds_leafy_plants_stacked_books_a_blue_armc.png,False,30,22,4,3,7,2,1,1,0,0,0.4722222222222222,0.125,0.5777777777777777,0.37652777777777774,openai/clip-vit-base-patch32,0.3846135139465332,38.46135139465332
16,"A small cafe corner holds leafy plants, stacked books, a blue armchair, soft afternoon light, and a steaming cup of coffee beside a handwritten menu on the narrow wooden table.",20,4.5,58,512,512,2.2605591000028653,6.979499816894531,outputs\day6_calibration_grid\16_s20_a_small_cafe_corner_holds_leafy_plants_stacked_books_a_blue_armc.png,False,30,22,4,3,7,2,1,1,0,0,0.4722222222222222,0.125,0.5777777777777777,0.37652777777777774,openai/clip-vit-base-patch32,0.3859372138977051,38.59372138977051
16,"A small cafe corner holds leafy plants, stacked books, a blue armchair, soft afternoon light, and a steaming cup of coffee beside a handwritten menu on the narrow wooden table.",24,4.5,58,512,512,3.2741901999979746,6.979499816894531,outputs\day6_calibration_grid\16_s24_a_small_cafe_corner_holds_leafy_plants_stacked_books_a_blue_armc.png,False,30,22,4,3,7,2,1,1,0,0,0.4722222222222222,0.125,0.5777777777777777,0.37652777777777774,openai/clip-vit-base-patch32,0.3908655643463135,39.08655643463135
16,"A small cafe corner holds leafy plants, stacked books, a blue armchair, soft afternoon light, and a steaming cup of coffee beside a handwritten menu on the narrow wooden table.",28,4.5,58,512,512,2.636191300000064,6.979499816894531,outputs\day6_calibration_grid\16_s28_a_small_cafe_corner_holds_leafy_plants_stacked_books_a_blue_armc.png,False,30,22,4,3,7,2,1,1,0,0,0.4722222222222222,0.125,0.5777777777777777,0.37652777777777774,openai/clip-vit-base-patch32,0.39124080538749695,39.124080538749695
17,"A watercolor painting shows a mountain village beside a river, with stone bridges, red roofs, distant mist, pine trees, and tiny people walking home under a pale evening sky together.",8,4.5,59,512,512,1.361628099999507,6.979499816894531,outputs\day6_calibration_grid\17_s08_a_watercolor_painting_shows_a_mountain_village_beside_a_river_wi.png,False,30,23,5,2,4,3,2,1,1,0,0.4722222222222222,0.0,0.5822222222222222,0.43016666666666664,openai/clip-vit-base-patch32,0.3173312246799469,31.73312246799469
17,"A watercolor painting shows a mountain village beside a river, with stone bridges, red roofs, distant mist, pine trees, and tiny people walking home under a pale evening sky together.",12,4.5,59,512,512,1.5055406000028597,6.979499816894531,outputs\day6_calibration_grid\17_s12_a_watercolor_painting_shows_a_mountain_village_beside_a_river_wi.png,False,30,23,5,2,4,3,2,1,1,0,0.4722222222222222,0.0,0.5822222222222222,0.43016666666666664,openai/clip-vit-base-patch32,0.3635006546974182,36.35006546974182
17,"A watercolor painting shows a mountain village beside a river, with stone bridges, red roofs, distant mist, pine trees, and tiny people walking home under a pale evening sky together.",16,4.5,59,512,512,2.9404708000001847,6.979499816894531,outputs\day6_calibration_grid\17_s16_a_watercolor_painting_shows_a_mountain_village_beside_a_river_wi.png,False,30,23,5,2,4,3,2,1,1,0,0.4722222222222222,0.0,0.5822222222222222,0.43016666666666664,openai/clip-vit-base-patch32,0.36644798517227173,36.64479851722717
17,"A watercolor painting shows a mountain village beside a river, with stone bridges, red roofs, distant mist, pine trees, and tiny people walking home under a pale evening sky together.",20,4.5,59,512,512,2.030274000004283,6.979499816894531,outputs\day6_calibration_grid\17_s20_a_watercolor_painting_shows_a_mountain_village_beside_a_river_wi.png,False,30,23,5,2,4,3,2,1,1,0,0.4722222222222222,0.0,0.5822222222222222,0.43016666666666664,openai/clip-vit-base-patch32,0.35388925671577454,35.388925671577454
17,"A watercolor painting shows a mountain village beside a river, with stone bridges, red roofs, distant mist, pine trees, and tiny people walking home under a pale evening sky together.",24,4.5,59,512,512,2.079533000003721,6.979499816894531,outputs\day6_calibration_grid\17_s24_a_watercolor_painting_shows_a_mountain_village_beside_a_river_wi.png,False,30,23,5,2,4,3,2,1,1,0,0.4722222222222222,0.0,0.5822222222222222,0.43016666666666664,openai/clip-vit-base-patch32,0.3511953353881836,35.11953353881836
17,"A watercolor painting shows a mountain village beside a river, with stone bridges, red roofs, distant mist, pine trees, and tiny people walking home under a pale evening sky together.",28,4.5,59,512,512,2.4297251000025426,6.979499816894531,outputs\day6_calibration_grid\17_s28_a_watercolor_painting_shows_a_mountain_village_beside_a_river_wi.png,False,30,23,5,2,4,3,2,1,1,0,0.4722222222222222,0.0,0.5822222222222222,0.43016666666666664,openai/clip-vit-base-patch32,0.36017200350761414,36.017200350761414
18,"A fantasy library rises around a spiral staircase, with floating candles, glowing books, brass ladders, velvet chairs, and a cat sleeping beneath the desk near a blue magical globe quietly.",8,4.5,60,512,512,1.0630282000056468,6.979499816894531,outputs\day6_calibration_grid\18_s08_a_fantasy_library_rises_around_a_spiral_staircase_with_floating_.png,False,30,22,5,5,4,3,2,1,1,0,0.6388888888888888,0.0,0.5777777777777777,0.47027777777777774,openai/clip-vit-base-patch32,0.3766308128833771,37.66308128833771
18,"A fantasy library rises around a spiral staircase, with floating candles, glowing books, brass ladders, velvet chairs, and a cat sleeping beneath the desk near a blue magical globe quietly.",12,4.5,60,512,512,1.3375887000001967,6.979499816894531,outputs\day6_calibration_grid\18_s12_a_fantasy_library_rises_around_a_spiral_staircase_with_floating_.png,False,30,22,5,5,4,3,2,1,1,0,0.6388888888888888,0.0,0.5777777777777777,0.47027777777777774,openai/clip-vit-base-patch32,0.3856510818004608,38.56510818004608
18,"A fantasy library rises around a spiral staircase, with floating candles, glowing books, brass ladders, velvet chairs, and a cat sleeping beneath the desk near a blue magical globe quietly.",16,4.5,60,512,512,1.4869218000021647,6.979499816894531,outputs\day6_calibration_grid\18_s16_a_fantasy_library_rises_around_a_spiral_staircase_with_floating_.png,False,30,22,5,5,4,3,2,1,1,0,0.6388888888888888,0.0,0.5777777777777777,0.47027777777777774,openai/clip-vit-base-patch32,0.38415631651878357,38.41563165187836
18,"A fantasy library rises around a spiral staircase, with floating candles, glowing books, brass ladders, velvet chairs, and a cat sleeping beneath the desk near a blue magical globe quietly.",20,4.5,60,512,512,1.7329608000000007,6.979499816894531,outputs\day6_calibration_grid\18_s20_a_fantasy_library_rises_around_a_spiral_staircase_with_floating_.png,False,30,22,5,5,4,3,2,1,1,0,0.6388888888888888,0.0,0.5777777777777777,0.47027777777777774,openai/clip-vit-base-patch32,0.3857991695404053,38.57991695404053
18,"A fantasy library rises around a spiral staircase, with floating candles, glowing books, brass ladders, velvet chairs, and a cat sleeping beneath the desk near a blue magical globe quietly.",24,4.5,60,512,512,1.849550500002806,6.979499816894531,outputs\day6_calibration_grid\18_s24_a_fantasy_library_rises_around_a_spiral_staircase_with_floating_.png,False,30,22,5,5,4,3,2,1,1,0,0.6388888888888888,0.0,0.5777777777777777,0.47027777777777774,openai/clip-vit-base-patch32,0.3855434060096741,38.55434060096741
18,"A fantasy library rises around a spiral staircase, with floating candles, glowing books, brass ladders, velvet chairs, and a cat sleeping beneath the desk near a blue magical globe quietly.",28,4.5,60,512,512,2.008521399999154,6.979499816894531,outputs\day6_calibration_grid\18_s28_a_fantasy_library_rises_around_a_spiral_staircase_with_floating_.png,False,30,22,5,5,4,3,2,1,1,0,0.6388888888888888,0.0,0.5777777777777777,0.47027777777777774,openai/clip-vit-base-patch32,0.38205164670944214,38.205164670944214
19,"A rainy city street reflects shop windows and traffic lights, while pedestrians carry umbrellas past bicycles, food stalls, neon signs, and puddles glowing orange under a dark cinematic evening sky.",8,4.5,61,512,512,0.9069721999985632,6.979499816894531,outputs\day6_calibration_grid\19_s08_a_rainy_city_street_reflects_shop_windows_and_traffic_lights_whi.png,False,30,23,4,1,4,2,1,1,2,0,0.4444444444444444,0.125,0.5822222222222222,0.4378055555555555,openai/clip-vit-base-patch32,0.3503952622413635,35.03952622413635
19,"A rainy city street reflects shop windows and traffic lights, while pedestrians carry umbrellas past bicycles, food stalls, neon signs, and puddles glowing orange under a dark cinematic evening sky.",12,4.5,61,512,512,1.2753080999973463,6.979499816894531,outputs\day6_calibration_grid\19_s12_a_rainy_city_street_reflects_shop_windows_and_traffic_lights_whi.png,False,30,23,4,1,4,2,1,1,2,0,0.4444444444444444,0.125,0.5822222222222222,0.4378055555555555,openai/clip-vit-base-patch32,0.34736567735671997,34.736567735672
19,"A rainy city street reflects shop windows and traffic lights, while pedestrians carry umbrellas past bicycles, food stalls, neon signs, and puddles glowing orange under a dark cinematic evening sky.",16,4.5,61,512,512,1.7102460999958566,6.979499816894531,outputs\day6_calibration_grid\19_s16_a_rainy_city_street_reflects_shop_windows_and_traffic_lights_whi.png,False,30,23,4,1,4,2,1,1,2,0,0.4444444444444444,0.125,0.5822222222222222,0.4378055555555555,openai/clip-vit-base-patch32,0.3511050343513489,35.11050343513489
19,"A rainy city street reflects shop windows and traffic lights, while pedestrians carry umbrellas past bicycles, food stalls, neon signs, and puddles glowing orange under a dark cinematic evening sky.",20,4.5,61,512,512,2.305950500005565,6.979499816894531,outputs\day6_calibration_grid\19_s20_a_rainy_city_street_reflects_shop_windows_and_traffic_lights_whi.png,False,30,23,4,1,4,2,1,1,2,0,0.4444444444444444,0.125,0.5822222222222222,0.4378055555555555,openai/clip-vit-base-patch32,0.35823506116867065,35.823506116867065
19,"A rainy city street reflects shop windows and traffic lights, while pedestrians carry umbrellas past bicycles, food stalls, neon signs, and puddles glowing orange under a dark cinematic evening sky.",24,4.5,61,512,512,2.139910500001861,6.979499816894531,outputs\day6_calibration_grid\19_s24_a_rainy_city_street_reflects_shop_windows_and_traffic_lights_whi.png,False,30,23,4,1,4,2,1,1,2,0,0.4444444444444444,0.125,0.5822222222222222,0.4378055555555555,openai/clip-vit-base-patch32,0.3566322326660156,35.66322326660156
19,"A rainy city street reflects shop windows and traffic lights, while pedestrians carry umbrellas past bicycles, food stalls, neon signs, and puddles glowing orange under a dark cinematic evening sky.",28,4.5,61,512,512,1.5741310000012163,6.979499816894531,outputs\day6_calibration_grid\19_s28_a_rainy_city_street_reflects_shop_windows_and_traffic_lights_whi.png,False,30,23,4,1,4,2,1,1,2,0,0.4444444444444444,0.125,0.5822222222222222,0.4378055555555555,openai/clip-vit-base-patch32,0.35832643508911133,35.83264350891113
20,"A wooden cabin sits in a snowy forest, smoke rising from the chimney, warm windows glowing, pine branches bending, and footprints crossing the yard toward a small frozen pond nearby.",8,4.5,62,512,512,0.5706601999991108,6.979499816894531,outputs\day6_calibration_grid\20_s08_a_wooden_cabin_sits_in_a_snowy_forest_smoke_rising_from_the_chim.png,False,30,21,4,1,5,2,0,2,0,0,0.3055555555555556,0.0,0.5733333333333334,0.32705555555555554,openai/clip-vit-base-patch32,0.31099337339401245,31.099337339401245
20,"A wooden cabin sits in a snowy forest, smoke rising from the chimney, warm windows glowing, pine branches bending, and footprints crossing the yard toward a small frozen pond nearby.",12,4.5,62,512,512,0.7263291999988724,6.979499816894531,outputs\day6_calibration_grid\20_s12_a_wooden_cabin_sits_in_a_snowy_forest_smoke_rising_from_the_chim.png,False,30,21,4,1,5,2,0,2,0,0,0.3055555555555556,0.0,0.5733333333333334,0.32705555555555554,openai/clip-vit-base-patch32,0.32646557688713074,32.646557688713074
20,"A wooden cabin sits in a snowy forest, smoke rising from the chimney, warm windows glowing, pine branches bending, and footprints crossing the yard toward a small frozen pond nearby.",16,4.5,62,512,512,1.555919399994309,6.979499816894531,outputs\day6_calibration_grid\20_s16_a_wooden_cabin_sits_in_a_snowy_forest_smoke_rising_from_the_chim.png,False,30,21,4,1,5,2,0,2,0,0,0.3055555555555556,0.0,0.5733333333333334,0.32705555555555554,openai/clip-vit-base-patch32,0.318562388420105,31.856238842010498
20,"A wooden cabin sits in a snowy forest, smoke rising from the chimney, warm windows glowing, pine branches bending, and footprints crossing the yard toward a small frozen pond nearby.",20,4.5,62,512,512,2.399385999997321,6.979499816894531,outputs\day6_calibration_grid\20_s20_a_wooden_cabin_sits_in_a_snowy_forest_smoke_rising_from_the_chim.png,False,30,21,4,1,5,2,0,2,0,0,0.3055555555555556,0.0,0.5733333333333334,0.32705555555555554,openai/clip-vit-base-patch32,0.32029274106025696,32.029274106025696
20,"A wooden cabin sits in a snowy forest, smoke rising from the chimney, warm windows glowing, pine branches bending, and footprints crossing the yard toward a small frozen pond nearby.",24,4.5,62,512,512,1.2679704999973183,6.979499816894531,outputs\day6_calibration_grid\20_s24_a_wooden_cabin_sits_in_a_snowy_forest_smoke_rising_from_the_chim.png,False,30,21,4,1,5,2,0,2,0,0,0.3055555555555556,0.0,0.5733333333333334,0.32705555555555554,openai/clip-vit-base-patch32,0.3215527832508087,32.15527832508087
20,"A wooden cabin sits in a snowy forest, smoke rising from the chimney, warm windows glowing, pine branches bending, and footprints crossing the yard toward a small frozen pond nearby.",28,4.5,62,512,512,1.477660399999877,6.979499816894531,outputs\day6_calibration_grid\20_s28_a_wooden_cabin_sits_in_a_snowy_forest_smoke_rising_from_the_chim.png,False,30,21,4,1,5,2,0,2,0,0,0.3055555555555556,0.0,0.5733333333333334,0.32705555555555554,openai/clip-vit-base-patch32,0.32078817486763,32.078817486763
21,"A small robot holds a red umbrella beside a striped cat in front of a rainy bookstore, while the window sign says SANA, puddles reflect yellow lamps, two bicycles lean nearby, and a delivery drone hovers above the narrow street as shoppers wait under awnings during a gentle evening storm.",8,4.5,63,512,512,0.5793870999987121,6.979499816894531,outputs\day6_calibration_grid\21_s08_a_small_robot_holds_a_red_umbrella_beside_a_striped_cat_in_front.png,False,50,36,4,7,6,7,4,3,0,1,0.9444444444444444,0.5,0.9600000000000001,0.8471111111111111,openai/clip-vit-base-patch32,0.39402419328689575,39.402419328689575
21,"A small robot holds a red umbrella beside a striped cat in front of a rainy bookstore, while the window sign says SANA, puddles reflect yellow lamps, two bicycles lean nearby, and a delivery drone hovers above the narrow street as shoppers wait under awnings during a gentle evening storm.",12,4.5,63,512,512,0.7237286000017775,6.979499816894531,outputs\day6_calibration_grid\21_s12_a_small_robot_holds_a_red_umbrella_beside_a_striped_cat_in_front.png,False,50,36,4,7,6,7,4,3,0,1,0.9444444444444444,0.5,0.9600000000000001,0.8471111111111111,openai/clip-vit-base-patch32,0.3907203674316406,39.07203674316406
21,"A small robot holds a red umbrella beside a striped cat in front of a rainy bookstore, while the window sign says SANA, puddles reflect yellow lamps, two bicycles lean nearby, and a delivery drone hovers above the narrow street as shoppers wait under awnings during a gentle evening storm.",16,4.5,63,512,512,0.914715700004308,6.979499816894531,outputs\day6_calibration_grid\21_s16_a_small_robot_holds_a_red_umbrella_beside_a_striped_cat_in_front.png,False,50,36,4,7,6,7,4,3,0,1,0.9444444444444444,0.5,0.9600000000000001,0.8471111111111111,openai/clip-vit-base-patch32,0.3923727869987488,39.23727869987488
21,"A small robot holds a red umbrella beside a striped cat in front of a rainy bookstore, while the window sign says SANA, puddles reflect yellow lamps, two bicycles lean nearby, and a delivery drone hovers above the narrow street as shoppers wait under awnings during a gentle evening storm.",20,4.5,63,512,512,1.090300500000012,6.979499816894531,outputs\day6_calibration_grid\21_s20_a_small_robot_holds_a_red_umbrella_beside_a_striped_cat_in_front.png,False,50,36,4,7,6,7,4,3,0,1,0.9444444444444444,0.5,0.9600000000000001,0.8471111111111111,openai/clip-vit-base-patch32,0.394730806350708,39.4730806350708
21,"A small robot holds a red umbrella beside a striped cat in front of a rainy bookstore, while the window sign says SANA, puddles reflect yellow lamps, two bicycles lean nearby, and a delivery drone hovers above the narrow street as shoppers wait under awnings during a gentle evening storm.",24,4.5,63,512,512,1.327628500002902,6.979499816894531,outputs\day6_calibration_grid\21_s24_a_small_robot_holds_a_red_umbrella_beside_a_striped_cat_in_front.png,False,50,36,4,7,6,7,4,3,0,1,0.9444444444444444,0.5,0.9600000000000001,0.8471111111111111,openai/clip-vit-base-patch32,0.39119952917099,39.119952917099
21,"A small robot holds a red umbrella beside a striped cat in front of a rainy bookstore, while the window sign says SANA, puddles reflect yellow lamps, two bicycles lean nearby, and a delivery drone hovers above the narrow street as shoppers wait under awnings during a gentle evening storm.",28,4.5,63,512,512,1.4143330000006245,6.979499816894531,outputs\day6_calibration_grid\21_s28_a_small_robot_holds_a_red_umbrella_beside_a_striped_cat_in_front.png,False,50,36,4,7,6,7,4,3,0,1,0.9444444444444444,0.5,0.9600000000000001,0.8471111111111111,openai/clip-vit-base-patch32,0.394115149974823,39.4115149974823
22,"A cyberpunk street market glows at midnight with crowded food stalls, neon kanji signs, rain reflections, masked shoppers, steam vents, hovering taxis, and a musician playing beside a noodle cart, while a child points at a holographic dragon above the wet plaza near a flickering red vending machine tonight outside.",8,4.5,64,512,512,0.5524804000015138,6.979499816894531,outputs\day6_calibration_grid\22_s08_a_cyberpunk_street_market_glows_at_midnight_with_crowded_food_st.png,False,50,37,7,4,5,6,3,3,3,0,0.9444444444444444,1.0,0.9644444444444444,0.8736666666666667,openai/clip-vit-base-patch32,0.3669074773788452,36.69074773788452
22,"A cyberpunk street market glows at midnight with crowded food stalls, neon kanji signs, rain reflections, masked shoppers, steam vents, hovering taxis, and a musician playing beside a noodle cart, while a child points at a holographic dragon above the wet plaza near a flickering red vending machine tonight outside.",12,4.5,64,512,512,0.7455239999981131,6.979499816894531,outputs\day6_calibration_grid\22_s12_a_cyberpunk_street_market_glows_at_midnight_with_crowded_food_st.png,False,50,37,7,4,5,6,3,3,3,0,0.9444444444444444,1.0,0.9644444444444444,0.8736666666666667,openai/clip-vit-base-patch32,0.3694216310977936,36.94216310977936
22,"A cyberpunk street market glows at midnight with crowded food stalls, neon kanji signs, rain reflections, masked shoppers, steam vents, hovering taxis, and a musician playing beside a noodle cart, while a child points at a holographic dragon above the wet plaza near a flickering red vending machine tonight outside.",16,4.5,64,512,512,0.9244073000008939,6.979499816894531,outputs\day6_calibration_grid\22_s16_a_cyberpunk_street_market_glows_at_midnight_with_crowded_food_st.png,False,50,37,7,4,5,6,3,3,3,0,0.9444444444444444,1.0,0.9644444444444444,0.8736666666666667,openai/clip-vit-base-patch32,0.37290582060813904,37.290582060813904
22,"A cyberpunk street market glows at midnight with crowded food stalls, neon kanji signs, rain reflections, masked shoppers, steam vents, hovering taxis, and a musician playing beside a noodle cart, while a child points at a holographic dragon above the wet plaza near a flickering red vending machine tonight outside.",20,4.5,64,512,512,1.0474929999982123,6.979499816894531,outputs\day6_calibration_grid\22_s20_a_cyberpunk_street_market_glows_at_midnight_with_crowded_food_st.png,False,50,37,7,4,5,6,3,3,3,0,0.9444444444444444,1.0,0.9644444444444444,0.8736666666666667,openai/clip-vit-base-patch32,0.37343329191207886,37.343329191207886
22,"A cyberpunk street market glows at midnight with crowded food stalls, neon kanji signs, rain reflections, masked shoppers, steam vents, hovering taxis, and a musician playing beside a noodle cart, while a child points at a holographic dragon above the wet plaza near a flickering red vending machine tonight outside.",24,4.5,64,512,512,1.2752659000034328,6.979499816894531,outputs\day6_calibration_grid\22_s24_a_cyberpunk_street_market_glows_at_midnight_with_crowded_food_st.png,False,50,37,7,4,5,6,3,3,3,0,0.9444444444444444,1.0,0.9644444444444444,0.8736666666666667,openai/clip-vit-base-patch32,0.37407854199409485,37.407854199409485
22,"A cyberpunk street market glows at midnight with crowded food stalls, neon kanji signs, rain reflections, masked shoppers, steam vents, hovering taxis, and a musician playing beside a noodle cart, while a child points at a holographic dragon above the wet plaza near a flickering red vending machine tonight outside.",28,4.5,64,512,512,1.4298160999969696,6.979499816894531,outputs\day6_calibration_grid\22_s28_a_cyberpunk_street_market_glows_at_midnight_with_crowded_food_st.png,False,50,37,7,4,5,6,3,3,3,0,0.9444444444444444,1.0,0.9644444444444444,0.8736666666666667,openai/clip-vit-base-patch32,0.3745189607143402,37.45189607143402
23,"A medieval wizard teaches three students inside a crowded library, with glowing books floating above an oak table, candles dripping wax, a raven watching from a shelf, maps pinned to stone walls, and a silver telescope aimed at moonlight through the tall arched window behind a stack of scrolls tonight.",8,4.5,65,512,512,0.5576151999994181,6.979499816894531,outputs\day6_calibration_grid\23_s08_a_medieval_wizard_teaches_three_students_inside_a_crowded_librar.png,False,50,34,5,6,4,4,3,1,1,0,0.75,0.25,0.9511111111111111,0.6662222222222222,openai/clip-vit-base-patch32,0.35977596044540405,35.977596044540405
23,"A medieval wizard teaches three students inside a crowded library, with glowing books floating above an oak table, candles dripping wax, a raven watching from a shelf, maps pinned to stone walls, and a silver telescope aimed at moonlight through the tall arched window behind a stack of scrolls tonight.",12,4.5,65,512,512,0.715270499997132,6.979499816894531,outputs\day6_calibration_grid\23_s12_a_medieval_wizard_teaches_three_students_inside_a_crowded_librar.png,False,50,34,5,6,4,4,3,1,1,0,0.75,0.25,0.9511111111111111,0.6662222222222222,openai/clip-vit-base-patch32,0.3525715172290802,35.25715172290802
23,"A medieval wizard teaches three students inside a crowded library, with glowing books floating above an oak table, candles dripping wax, a raven watching from a shelf, maps pinned to stone walls, and a silver telescope aimed at moonlight through the tall arched window behind a stack of scrolls tonight.",16,4.5,65,512,512,0.9309596999955829,6.979499816894531,outputs\day6_calibration_grid\23_s16_a_medieval_wizard_teaches_three_students_inside_a_crowded_librar.png,False,50,34,5,6,4,4,3,1,1,0,0.75,0.25,0.9511111111111111,0.6662222222222222,openai/clip-vit-base-patch32,0.3427625000476837,34.27625000476837
23,"A medieval wizard teaches three students inside a crowded library, with glowing books floating above an oak table, candles dripping wax, a raven watching from a shelf, maps pinned to stone walls, and a silver telescope aimed at moonlight through the tall arched window behind a stack of scrolls tonight.",20,4.5,65,512,512,1.0956564000007347,6.979499816894531,outputs\day6_calibration_grid\23_s20_a_medieval_wizard_teaches_three_students_inside_a_crowded_librar.png,False,50,34,5,6,4,4,3,1,1,0,0.75,0.25,0.9511111111111111,0.6662222222222222,openai/clip-vit-base-patch32,0.34762245416641235,34.762245416641235
23,"A medieval wizard teaches three students inside a crowded library, with glowing books floating above an oak table, candles dripping wax, a raven watching from a shelf, maps pinned to stone walls, and a silver telescope aimed at moonlight through the tall arched window behind a stack of scrolls tonight.",24,4.5,65,512,512,1.2645611000043573,6.979499816894531,outputs\day6_calibration_grid\23_s24_a_medieval_wizard_teaches_three_students_inside_a_crowded_librar.png,False,50,34,5,6,4,4,3,1,1,0,0.75,0.25,0.9511111111111111,0.6662222222222222,openai/clip-vit-base-patch32,0.3441118001937866,34.41118001937866
23,"A medieval wizard teaches three students inside a crowded library, with glowing books floating above an oak table, candles dripping wax, a raven watching from a shelf, maps pinned to stone walls, and a silver telescope aimed at moonlight through the tall arched window behind a stack of scrolls tonight.",28,4.5,65,512,512,1.3924155999993673,6.979499816894531,outputs\day6_calibration_grid\23_s28_a_medieval_wizard_teaches_three_students_inside_a_crowded_librar.png,False,50,34,5,6,4,4,3,1,1,0,0.75,0.25,0.9511111111111111,0.6662222222222222,openai/clip-vit-base-patch32,0.35350608825683594,35.350608825683594
24,"A busy spaceport spreads beneath an orange sky, where two astronauts repair a rover beside a cargo ship, engineers carry tools, fuel pipes cross the landing pad, warning lights blink, and tourists photograph distant planets from behind glass while security robots guide them toward a silver observation balcony above calmly.",8,4.5,66,512,512,0.5468708999978844,6.979499816894531,outputs\day6_calibration_grid\24_s08_a_busy_spaceport_spreads_beneath_an_orange_sky_where_two_astrona.png,False,50,39,5,3,5,7,4,3,0,0,0.6944444444444444,0.625,0.9733333333333334,0.6955277777777779,openai/clip-vit-base-patch32,0.3411867916584015,34.11867916584015
24,"A busy spaceport spreads beneath an orange sky, where two astronauts repair a rover beside a cargo ship, engineers carry tools, fuel pipes cross the landing pad, warning lights blink, and tourists photograph distant planets from behind glass while security robots guide them toward a silver observation balcony above calmly.",12,4.5,66,512,512,0.7643595000045025,6.979499816894531,outputs\day6_calibration_grid\24_s12_a_busy_spaceport_spreads_beneath_an_orange_sky_where_two_astrona.png,False,50,39,5,3,5,7,4,3,0,0,0.6944444444444444,0.625,0.9733333333333334,0.6955277777777779,openai/clip-vit-base-patch32,0.34372416138648987,34.37241613864899
24,"A busy spaceport spreads beneath an orange sky, where two astronauts repair a rover beside a cargo ship, engineers carry tools, fuel pipes cross the landing pad, warning lights blink, and tourists photograph distant planets from behind glass while security robots guide them toward a silver observation balcony above calmly.",16,4.5,66,512,512,0.9211427999980515,6.979499816894531,outputs\day6_calibration_grid\24_s16_a_busy_spaceport_spreads_beneath_an_orange_sky_where_two_astrona.png,False,50,39,5,3,5,7,4,3,0,0,0.6944444444444444,0.625,0.9733333333333334,0.6955277777777779,openai/clip-vit-base-patch32,0.31951743364334106,31.951743364334106
24,"A busy spaceport spreads beneath an orange sky, where two astronauts repair a rover beside a cargo ship, engineers carry tools, fuel pipes cross the landing pad, warning lights blink, and tourists photograph distant planets from behind glass while security robots guide them toward a silver observation balcony above calmly.",20,4.5,66,512,512,1.0860895000005257,6.979499816894531,outputs\day6_calibration_grid\24_s20_a_busy_spaceport_spreads_beneath_an_orange_sky_where_two_astrona.png,False,50,39,5,3,5,7,4,3,0,0,0.6944444444444444,0.625,0.9733333333333334,0.6955277777777779,openai/clip-vit-base-patch32,0.3189433515071869,31.89433515071869
24,"A busy spaceport spreads beneath an orange sky, where two astronauts repair a rover beside a cargo ship, engineers carry tools, fuel pipes cross the landing pad, warning lights blink, and tourists photograph distant planets from behind glass while security robots guide them toward a silver observation balcony above calmly.",24,4.5,66,512,512,1.220025099995837,6.979499816894531,outputs\day6_calibration_grid\24_s24_a_busy_spaceport_spreads_beneath_an_orange_sky_where_two_astrona.png,False,50,39,5,3,5,7,4,3,0,0,0.6944444444444444,0.625,0.9733333333333334,0.6955277777777779,openai/clip-vit-base-patch32,0.3226439356803894,32.26439356803894
24,"A busy spaceport spreads beneath an orange sky, where two astronauts repair a rover beside a cargo ship, engineers carry tools, fuel pipes cross the landing pad, warning lights blink, and tourists photograph distant planets from behind glass while security robots guide them toward a silver observation balcony above calmly.",28,4.5,66,512,512,1.4887100999985705,6.979499816894531,outputs\day6_calibration_grid\24_s28_a_busy_spaceport_spreads_beneath_an_orange_sky_where_two_astrona.png,False,50,39,5,3,5,7,4,3,0,0,0.6944444444444444,0.625,0.9733333333333334,0.6955277777777779,openai/clip-vit-base-patch32,0.32254016399383545,32.254016399383545
25,"A family picnic fills a sunny park, where a child flies a kite, a dog sleeps beneath the table, balloons drift near a fountain, grandparents pour lemonade, sandwiches sit in baskets, and clouds cast soft shadows across the grass while birds circle above a blanket covered with fresh strawberries nearby.",8,4.5,67,512,512,1.077221700004884,6.979499816894531,outputs\day6_calibration_grid\25_s08_a_family_picnic_fills_a_sunny_park_where_a_child_flies_a_kite_a_.png,False,50,35,6,7,3,8,4,4,0,0,0.9166666666666666,0.25,0.9555555555555556,0.726111111111111,openai/clip-vit-base-patch32,0.3885919451713562,38.85919451713562
25,"A family picnic fills a sunny park, where a child flies a kite, a dog sleeps beneath the table, balloons drift near a fountain, grandparents pour lemonade, sandwiches sit in baskets, and clouds cast soft shadows across the grass while birds circle above a blanket covered with fresh strawberries nearby.",12,4.5,67,512,512,2.642024399996444,6.979499816894531,outputs\day6_calibration_grid\25_s12_a_family_picnic_fills_a_sunny_park_where_a_child_flies_a_kite_a_.png,False,50,35,6,7,3,8,4,4,0,0,0.9166666666666666,0.25,0.9555555555555556,0.726111111111111,openai/clip-vit-base-patch32,0.37985095381736755,37.985095381736755
25,"A family picnic fills a sunny park, where a child flies a kite, a dog sleeps beneath the table, balloons drift near a fountain, grandparents pour lemonade, sandwiches sit in baskets, and clouds cast soft shadows across the grass while birds circle above a blanket covered with fresh strawberries nearby.",16,4.5,67,512,512,2.4331713000065065,6.979499816894531,outputs\day6_calibration_grid\25_s16_a_family_picnic_fills_a_sunny_park_where_a_child_flies_a_kite_a_.png,False,50,35,6,7,3,8,4,4,0,0,0.9166666666666666,0.25,0.9555555555555556,0.726111111111111,openai/clip-vit-base-patch32,0.3818344175815582,38.18344175815582
25,"A family picnic fills a sunny park, where a child flies a kite, a dog sleeps beneath the table, balloons drift near a fountain, grandparents pour lemonade, sandwiches sit in baskets, and clouds cast soft shadows across the grass while birds circle above a blanket covered with fresh strawberries nearby.",20,4.5,67,512,512,1.4168619999982184,6.979499816894531,outputs\day6_calibration_grid\25_s20_a_family_picnic_fills_a_sunny_park_where_a_child_flies_a_kite_a_.png,False,50,35,6,7,3,8,4,4,0,0,0.9166666666666666,0.25,0.9555555555555556,0.726111111111111,openai/clip-vit-base-patch32,0.38267889618873596,38.267889618873596
25,"A family picnic fills a sunny park, where a child flies a kite, a dog sleeps beneath the table, balloons drift near a fountain, grandparents pour lemonade, sandwiches sit in baskets, and clouds cast soft shadows across the grass while birds circle above a blanket covered with fresh strawberries nearby.",24,4.5,67,512,512,2.3806822000042303,6.979499816894531,outputs\day6_calibration_grid\25_s24_a_family_picnic_fills_a_sunny_park_where_a_child_flies_a_kite_a_.png,False,50,35,6,7,3,8,4,4,0,0,0.9166666666666666,0.25,0.9555555555555556,0.726111111111111,openai/clip-vit-base-patch32,0.3757760524749756,37.57760524749756
25,"A family picnic fills a sunny park, where a child flies a kite, a dog sleeps beneath the table, balloons drift near a fountain, grandparents pour lemonade, sandwiches sit in baskets, and clouds cast soft shadows across the grass while birds circle above a blanket covered with fresh strawberries nearby.",28,4.5,67,512,512,3.297785200004,6.979499816894531,outputs\day6_calibration_grid\25_s28_a_family_picnic_fills_a_sunny_park_where_a_child_flies_a_kite_a_.png,False,50,35,6,7,3,8,4,4,0,0,0.9166666666666666,0.25,0.9555555555555556,0.726111111111111,openai/clip-vit-base-patch32,0.3776280879974365,37.76280879974365
26,"A steampunk workshop contains brass gears, glass tubes, a robot bird, a chalkboard that says PCAS, copper lamps, scattered blueprints, and an inventor tightening a valve while sparks fly from a half built clockwork engine beside shelves packed with lenses springs tools and polished wooden boxes under smoky golden light.",8,4.5,68,512,512,1.0701712000009138,6.979499816894531,outputs\day6_calibration_grid\26_s08_a_steampunk_workshop_contains_brass_gears_glass_tubes_a_robot_bi.png,False,50,38,6,6,5,4,2,2,2,1,0.8611111111111112,0.25,0.9688888888888889,0.8335555555555554,openai/clip-vit-base-patch32,0.3551996946334839,35.51996946334839
26,"A steampunk workshop contains brass gears, glass tubes, a robot bird, a chalkboard that says PCAS, copper lamps, scattered blueprints, and an inventor tightening a valve while sparks fly from a half built clockwork engine beside shelves packed with lenses springs tools and polished wooden boxes under smoky golden light.",12,4.5,68,512,512,1.4127370999995037,6.979499816894531,outputs\day6_calibration_grid\26_s12_a_steampunk_workshop_contains_brass_gears_glass_tubes_a_robot_bi.png,False,50,38,6,6,5,4,2,2,2,1,0.8611111111111112,0.25,0.9688888888888889,0.8335555555555554,openai/clip-vit-base-patch32,0.361525297164917,36.1525297164917
26,"A steampunk workshop contains brass gears, glass tubes, a robot bird, a chalkboard that says PCAS, copper lamps, scattered blueprints, and an inventor tightening a valve while sparks fly from a half built clockwork engine beside shelves packed with lenses springs tools and polished wooden boxes under smoky golden light.",16,4.5,68,512,512,2.010477899995749,6.979499816894531,outputs\day6_calibration_grid\26_s16_a_steampunk_workshop_contains_brass_gears_glass_tubes_a_robot_bi.png,False,50,38,6,6,5,4,2,2,2,1,0.8611111111111112,0.25,0.9688888888888889,0.8335555555555554,openai/clip-vit-base-patch32,0.35181695222854614,35.181695222854614
26,"A steampunk workshop contains brass gears, glass tubes, a robot bird, a chalkboard that says PCAS, copper lamps, scattered blueprints, and an inventor tightening a valve while sparks fly from a half built clockwork engine beside shelves packed with lenses springs tools and polished wooden boxes under smoky golden light.",20,4.5,68,512,512,2.1769621999992523,6.979499816894531,outputs\day6_calibration_grid\26_s20_a_steampunk_workshop_contains_brass_gears_glass_tubes_a_robot_bi.png,False,50,38,6,6,5,4,2,2,2,1,0.8611111111111112,0.25,0.9688888888888889,0.8335555555555554,openai/clip-vit-base-patch32,0.3563351631164551,35.63351631164551
26,"A steampunk workshop contains brass gears, glass tubes, a robot bird, a chalkboard that says PCAS, copper lamps, scattered blueprints, and an inventor tightening a valve while sparks fly from a half built clockwork engine beside shelves packed with lenses springs tools and polished wooden boxes under smoky golden light.",24,4.5,68,512,512,2.0682432999965386,6.979499816894531,outputs\day6_calibration_grid\26_s24_a_steampunk_workshop_contains_brass_gears_glass_tubes_a_robot_bi.png,False,50,38,6,6,5,4,2,2,2,1,0.8611111111111112,0.25,0.9688888888888889,0.8335555555555554,openai/clip-vit-base-patch32,0.36082008481025696,36.082008481025696
26,"A steampunk workshop contains brass gears, glass tubes, a robot bird, a chalkboard that says PCAS, copper lamps, scattered blueprints, and an inventor tightening a valve while sparks fly from a half built clockwork engine beside shelves packed with lenses springs tools and polished wooden boxes under smoky golden light.",28,4.5,68,512,512,3.0372583999997005,6.979499816894531,outputs\day6_calibration_grid\26_s28_a_steampunk_workshop_contains_brass_gears_glass_tubes_a_robot_bi.png,False,50,38,6,6,5,4,2,2,2,1,0.8611111111111112,0.25,0.9688888888888889,0.8335555555555554,openai/clip-vit-base-patch32,0.3646872043609619,36.46872043609619
27,"A seaside festival begins at dusk with lanterns, musicians, children dancing, fireworks over the water, fishing boats tied to the pier, vendors selling fruit, and a painter capturing the scene while waves shimmer under purple clouds near a wooden stage covered with flowers ribbons drums and glowing paper stars tonight.",8,4.5,69,512,512,1.1742697000008775,6.979499816894531,outputs\day6_calibration_grid\27_s08_a_seaside_festival_begins_at_dusk_with_lanterns_musicians_childr.png,False,50,34,6,2,4,3,2,1,0,0,0.3888888888888889,0.0,0.9511111111111111,0.5051111111111111,openai/clip-vit-base-patch32,0.36826011538505554,36.826011538505554
27,"A seaside festival begins at dusk with lanterns, musicians, children dancing, fireworks over the water, fishing boats tied to the pier, vendors selling fruit, and a painter capturing the scene while waves shimmer under purple clouds near a wooden stage covered with flowers ribbons drums and glowing paper stars tonight.",12,4.5,69,512,512,1.3831350000036764,6.979499816894531,outputs\day6_calibration_grid\27_s12_a_seaside_festival_begins_at_dusk_with_lanterns_musicians_childr.png,False,50,34,6,2,4,3,2,1,0,0,0.3888888888888889,0.0,0.9511111111111111,0.5051111111111111,openai/clip-vit-base-patch32,0.3769809305667877,37.69809305667877
27,"A seaside festival begins at dusk with lanterns, musicians, children dancing, fireworks over the water, fishing boats tied to the pier, vendors selling fruit, and a painter capturing the scene while waves shimmer under purple clouds near a wooden stage covered with flowers ribbons drums and glowing paper stars tonight.",16,4.5,69,512,512,1.9115881000034278,6.979499816894531,outputs\day6_calibration_grid\27_s16_a_seaside_festival_begins_at_dusk_with_lanterns_musicians_childr.png,False,50,34,6,2,4,3,2,1,0,0,0.3888888888888889,0.0,0.9511111111111111,0.5051111111111111,openai/clip-vit-base-patch32,0.3801027238368988,38.01027238368988
27,"A seaside festival begins at dusk with lanterns, musicians, children dancing, fireworks over the water, fishing boats tied to the pier, vendors selling fruit, and a painter capturing the scene while waves shimmer under purple clouds near a wooden stage covered with flowers ribbons drums and glowing paper stars tonight.",20,4.5,69,512,512,2.2554978000043775,6.979499816894531,outputs\day6_calibration_grid\27_s20_a_seaside_festival_begins_at_dusk_with_lanterns_musicians_childr.png,False,50,34,6,2,4,3,2,1,0,0,0.3888888888888889,0.0,0.9511111111111111,0.5051111111111111,openai/clip-vit-base-patch32,0.382255494594574,38.2255494594574
27,"A seaside festival begins at dusk with lanterns, musicians, children dancing, fireworks over the water, fishing boats tied to the pier, vendors selling fruit, and a painter capturing the scene while waves shimmer under purple clouds near a wooden stage covered with flowers ribbons drums and glowing paper stars tonight.",24,4.5,69,512,512,3.593800000002375,6.979499816894531,outputs\day6_calibration_grid\27_s24_a_seaside_festival_begins_at_dusk_with_lanterns_musicians_childr.png,False,50,34,6,2,4,3,2,1,0,0,0.3888888888888889,0.0,0.9511111111111111,0.5051111111111111,openai/clip-vit-base-patch32,0.3870980143547058,38.70980143547058
27,"A seaside festival begins at dusk with lanterns, musicians, children dancing, fireworks over the water, fishing boats tied to the pier, vendors selling fruit, and a painter capturing the scene while waves shimmer under purple clouds near a wooden stage covered with flowers ribbons drums and glowing paper stars tonight.",28,4.5,69,512,512,2.647427500000049,6.979499816894531,outputs\day6_calibration_grid\27_s28_a_seaside_festival_begins_at_dusk_with_lanterns_musicians_childr.png,False,50,34,6,2,4,3,2,1,0,0,0.3888888888888889,0.0,0.9511111111111111,0.5051111111111111,openai/clip-vit-base-patch32,0.3858790695667267,38.58790695667267
28,"A detective office is cluttered with case files, where a woman studies a city map, a man holds a flashlight, clues cover the wall, rain streaks the window, and a clock points toward midnight as coffee steams beside photographs marked with red thread across a dusty wooden desk quietly tonight.",8,4.5,70,512,512,1.3790446999992128,6.979499816894531,outputs\day6_calibration_grid\28_s08_a_detective_office_is_cluttered_with_case_files_where_a_woman_st.png,False,50,34,5,10,3,3,2,1,0,0,0.8055555555555556,0.125,0.9511111111111111,0.6155277777777778,openai/clip-vit-base-patch32,0.34898295998573303,34.8982959985733
28,"A detective office is cluttered with case files, where a woman studies a city map, a man holds a flashlight, clues cover the wall, rain streaks the window, and a clock points toward midnight as coffee steams beside photographs marked with red thread across a dusty wooden desk quietly tonight.",12,4.5,70,512,512,1.8029336999970837,6.979499816894531,outputs\day6_calibration_grid\28_s12_a_detective_office_is_cluttered_with_case_files_where_a_woman_st.png,False,50,34,5,10,3,3,2,1,0,0,0.8055555555555556,0.125,0.9511111111111111,0.6155277777777778,openai/clip-vit-base-patch32,0.3483925461769104,34.83925461769104
28,"A detective office is cluttered with case files, where a woman studies a city map, a man holds a flashlight, clues cover the wall, rain streaks the window, and a clock points toward midnight as coffee steams beside photographs marked with red thread across a dusty wooden desk quietly tonight.",16,4.5,70,512,512,1.6089594000004581,6.979499816894531,outputs\day6_calibration_grid\28_s16_a_detective_office_is_cluttered_with_case_files_where_a_woman_st.png,False,50,34,5,10,3,3,2,1,0,0,0.8055555555555556,0.125,0.9511111111111111,0.6155277777777778,openai/clip-vit-base-patch32,0.3461185693740845,34.61185693740845
28,"A detective office is cluttered with case files, where a woman studies a city map, a man holds a flashlight, clues cover the wall, rain streaks the window, and a clock points toward midnight as coffee steams beside photographs marked with red thread across a dusty wooden desk quietly tonight.",20,4.5,70,512,512,2.014549799998349,6.979499816894531,outputs\day6_calibration_grid\28_s20_a_detective_office_is_cluttered_with_case_files_where_a_woman_st.png,False,50,34,5,10,3,3,2,1,0,0,0.8055555555555556,0.125,0.9511111111111111,0.6155277777777778,openai/clip-vit-base-patch32,0.3457721471786499,34.57721471786499
28,"A detective office is cluttered with case files, where a woman studies a city map, a man holds a flashlight, clues cover the wall, rain streaks the window, and a clock points toward midnight as coffee steams beside photographs marked with red thread across a dusty wooden desk quietly tonight.",24,4.5,70,512,512,2.3170522000000346,6.979499816894531,outputs\day6_calibration_grid\28_s24_a_detective_office_is_cluttered_with_case_files_where_a_woman_st.png,False,50,34,5,10,3,3,2,1,0,0,0.8055555555555556,0.125,0.9511111111111111,0.6155277777777778,openai/clip-vit-base-patch32,0.3478306531906128,34.78306531906128
28,"A detective office is cluttered with case files, where a woman studies a city map, a man holds a flashlight, clues cover the wall, rain streaks the window, and a clock points toward midnight as coffee steams beside photographs marked with red thread across a dusty wooden desk quietly tonight.",28,4.5,70,512,512,2.3333378000024823,6.979499816894531,outputs\day6_calibration_grid\28_s28_a_detective_office_is_cluttered_with_case_files_where_a_woman_st.png,False,50,34,5,10,3,3,2,1,0,0,0.8055555555555556,0.125,0.9511111111111111,0.6155277777777778,openai/clip-vit-base-patch32,0.34775930643081665,34.775930643081665
29,"A fantasy battle unfolds in heavy rain as a dragon flies above a castle, knights defend a bridge, archers light flaming arrows, horses rear near broken shields, and lightning reveals a wizard casting blue magic while villagers watch from stone windows beside banners torn by wind over the river below.",8,4.5,71,512,512,1.1057996000017738,6.979499816894531,outputs\day6_calibration_grid\29_s08_a_fantasy_battle_unfolds_in_heavy_rain_as_a_dragon_flies_above_a.png,False,50,36,4,6,3,6,3,3,1,0,0.8333333333333334,0.5,0.9600000000000001,0.7526666666666667,openai/clip-vit-base-patch32,0.3726646602153778,37.26646602153778
29,"A fantasy battle unfolds in heavy rain as a dragon flies above a castle, knights defend a bridge, archers light flaming arrows, horses rear near broken shields, and lightning reveals a wizard casting blue magic while villagers watch from stone windows beside banners torn by wind over the river below.",12,4.5,71,512,512,1.2401633999979822,6.979499816894531,outputs\day6_calibration_grid\29_s12_a_fantasy_battle_unfolds_in_heavy_rain_as_a_dragon_flies_above_a.png,False,50,36,4,6,3,6,3,3,1,0,0.8333333333333334,0.5,0.9600000000000001,0.7526666666666667,openai/clip-vit-base-patch32,0.36946845054626465,36.946845054626465
29,"A fantasy battle unfolds in heavy rain as a dragon flies above a castle, knights defend a bridge, archers light flaming arrows, horses rear near broken shields, and lightning reveals a wizard casting blue magic while villagers watch from stone windows beside banners torn by wind over the river below.",16,4.5,71,512,512,1.490103399999498,6.979499816894531,outputs\day6_calibration_grid\29_s16_a_fantasy_battle_unfolds_in_heavy_rain_as_a_dragon_flies_above_a.png,False,50,36,4,6,3,6,3,3,1,0,0.8333333333333334,0.5,0.9600000000000001,0.7526666666666667,openai/clip-vit-base-patch32,0.37314826250076294,37.314826250076294
29,"A fantasy battle unfolds in heavy rain as a dragon flies above a castle, knights defend a bridge, archers light flaming arrows, horses rear near broken shields, and lightning reveals a wizard casting blue magic while villagers watch from stone windows beside banners torn by wind over the river below.",20,4.5,71,512,512,1.1542969000001904,6.979499816894531,outputs\day6_calibration_grid\29_s20_a_fantasy_battle_unfolds_in_heavy_rain_as_a_dragon_flies_above_a.png,False,50,36,4,6,3,6,3,3,1,0,0.8333333333333334,0.5,0.9600000000000001,0.7526666666666667,openai/clip-vit-base-patch32,0.3719933032989502,37.19933032989502
29,"A fantasy battle unfolds in heavy rain as a dragon flies above a castle, knights defend a bridge, archers light flaming arrows, horses rear near broken shields, and lightning reveals a wizard casting blue magic while villagers watch from stone windows beside banners torn by wind over the river below.",24,4.5,71,512,512,1.254520099995716,6.979499816894531,outputs\day6_calibration_grid\29_s24_a_fantasy_battle_unfolds_in_heavy_rain_as_a_dragon_flies_above_a.png,False,50,36,4,6,3,6,3,3,1,0,0.8333333333333334,0.5,0.9600000000000001,0.7526666666666667,openai/clip-vit-base-patch32,0.3722146153450012,37.22146153450012
29,"A fantasy battle unfolds in heavy rain as a dragon flies above a castle, knights defend a bridge, archers light flaming arrows, horses rear near broken shields, and lightning reveals a wizard casting blue magic while villagers watch from stone windows beside banners torn by wind over the river below.",28,4.5,71,512,512,1.5119253000011668,6.979499816894531,outputs\day6_calibration_grid\29_s28_a_fantasy_battle_unfolds_in_heavy_rain_as_a_dragon_flies_above_a.png,False,50,36,4,6,3,6,3,3,1,0,0.8333333333333334,0.5,0.9600000000000001,0.7526666666666667,openai/clip-vit-base-patch32,0.37303972244262695,37.303972244262695
30,"A futuristic classroom shows robots and children building a small rocket, posters spelling SANA on the wall, tablets glowing on desks, a teacher adjusting holographic equations, and tiny drones carrying tools between colorful experiment stations while sunlight enters through wide windows above plants wires gears notebooks and safety helmets neatly.",8,4.5,72,512,512,0.6078095999982907,6.979499816894531,outputs\day6_calibration_grid\30_s08_a_futuristic_classroom_shows_robots_and_children_building_a_smal.png,False,50,39,4,4,4,6,2,4,1,1,0.75,0.625,0.9733333333333334,0.84275,openai/clip-vit-base-patch32,0.3630352318286896,36.30352318286896
30,"A futuristic classroom shows robots and children building a small rocket, posters spelling SANA on the wall, tablets glowing on desks, a teacher adjusting holographic equations, and tiny drones carrying tools between colorful experiment stations while sunlight enters through wide windows above plants wires gears notebooks and safety helmets neatly.",12,4.5,72,512,512,0.7618994000004022,6.979499816894531,outputs\day6_calibration_grid\30_s12_a_futuristic_classroom_shows_robots_and_children_building_a_smal.png,False,50,39,4,4,4,6,2,4,1,1,0.75,0.625,0.9733333333333334,0.84275,openai/clip-vit-base-patch32,0.35356441140174866,35.356441140174866
30,"A futuristic classroom shows robots and children building a small rocket, posters spelling SANA on the wall, tablets glowing on desks, a teacher adjusting holographic equations, and tiny drones carrying tools between colorful experiment stations while sunlight enters through wide windows above plants wires gears notebooks and safety helmets neatly.",16,4.5,72,512,512,0.942653899997822,6.979499816894531,outputs\day6_calibration_grid\30_s16_a_futuristic_classroom_shows_robots_and_children_building_a_smal.png,False,50,39,4,4,4,6,2,4,1,1,0.75,0.625,0.9733333333333334,0.84275,openai/clip-vit-base-patch32,0.3626554310321808,36.26554310321808
30,"A futuristic classroom shows robots and children building a small rocket, posters spelling SANA on the wall, tablets glowing on desks, a teacher adjusting holographic equations, and tiny drones carrying tools between colorful experiment stations while sunlight enters through wide windows above plants wires gears notebooks and safety helmets neatly.",20,4.5,72,512,512,2.366781299999275,6.979499816894531,outputs\day6_calibration_grid\30_s20_a_futuristic_classroom_shows_robots_and_children_building_a_smal.png,False,50,39,4,4,4,6,2,4,1,1,0.75,0.625,0.9733333333333334,0.84275,openai/clip-vit-base-patch32,0.359869122505188,35.9869122505188
30,"A futuristic classroom shows robots and children building a small rocket, posters spelling SANA on the wall, tablets glowing on desks, a teacher adjusting holographic equations, and tiny drones carrying tools between colorful experiment stations while sunlight enters through wide windows above plants wires gears notebooks and safety helmets neatly.",24,4.5,72,512,512,3.096946499994374,6.979499816894531,outputs\day6_calibration_grid\30_s24_a_futuristic_classroom_shows_robots_and_children_building_a_smal.png,False,50,39,4,4,4,6,2,4,1,1,0.75,0.625,0.9733333333333334,0.84275,openai/clip-vit-base-patch32,0.3594697415828705,35.94697415828705
30,"A futuristic classroom shows robots and children building a small rocket, posters spelling SANA on the wall, tablets glowing on desks, a teacher adjusting holographic equations, and tiny drones carrying tools between colorful experiment stations while sunlight enters through wide windows above plants wires gears notebooks and safety helmets neatly.",28,4.5,72,512,512,1.4395457000064198,6.979499816894531,outputs\day6_calibration_grid\30_s28_a_futuristic_classroom_shows_robots_and_children_building_a_smal.png,False,50,39,4,4,4,6,2,4,1,1,0.75,0.625,0.9733333333333334,0.84275,openai/clip-vit-base-patch32,0.3624546229839325,36.24546229839325
